id,SEQ
3399,ATGGCAACGAAGACGGAACCGACCAGGTTACCCAGCCAGGTTTGCGGCAGT
3400,GGGGAACATCAGGCATTTTTATCACGTCATTAGCGATAAATGTCGGCAGCG
3401,ACAATAAAGAGGTGGCTGACGATAGCGCGCCTTGACTGGATACTGCCTTCA
3402,ATTCTGGTAATCGCAAAGCTATTATCGATATACAAACATAAAGCCTGATAC
3403,GGTTTCTGATCCGCAGGCAGTTAAATCGCTCTCGGCGCTGGTGGTGCCCGG
3404,AAGCGCTCTGCCAGTTTCTCGGGTACAGTCAGGAAGAGCTGCGCGGACTCC
3405,ATTCATTACCCGAGAACAGCGCTGTTCGTTGGTCATCGCAAATGATCAATC
3406,CTCGCCGGAAGACCAAGGGTTCCTGTCCAACGTTAATCGGGGCAGGGTGAG
3407,GCTTGATCAAAAACAAAAAATATTTCACTCGACAGGAGTATTTATATTGCG
3408,GCCTTCAGCATGCATTCGCCAGAAAAGAGATTGGCTGCTTTACTTATAATC
3409,GCACCAATTCAGTCACTGCCAGCCCACCAAATAAATCAAGGGGTTACATGA
3410,AAAACGGCTGAAAGCACGCGGCAGCAGAGAGTGCAGCACTTCGTCTTTCAG
3411,GTGACGCCCGCGGTTGGCGTGGAACGGTTTAATCAGGCGATGATGGATTTG
3412,TATGATTTGGTTCAATTCTTCCTTTAGCGGCATAATGTTTAATGACGTACG
3413,TTATCAAAGCTGCTGGCTATTCCTGGAAAGGTTTACGCGCTGCATGGATCA
3414,GCGGGCGTGCTGATACAGGGGATTGTGCGCAACCCTCTGGCATCACCGGAC
3415,GTTTGATTTACATCAAATTGCCTTTAGCTACAGACACTAAGGTGGCAGACA
3416,AGTGTTTTTACCACTTCCCCTTTTCGTCAAGATCGGCCAAAATTCCACGCT
3417,AGTTCATCAATATCATTGAGCACGTCGGCGAAGTGGTTGAGGTTATCAACG
3418,CCAAACACGAAGTGCGTTTCCATCAGTCGCGTCTGGTGCATGATTTTATCT
3419,AAGCCAGGCCAGGACAGCATTCATTACGAAATTCTGCCTGGTGGGCAAGTA
3420,ACATGCTTATTCAAAAAATGAAATAAGAATACATTGCTAAGTTATTCGCGC
3421,CGCGATCTGCGTCGCTACGGTACTGTTCCGCATTCAGGTTTCGGTCTTGGT
3422,TTGCAGCGAGAGATCAATGCCACAGCCGTTGTCCTCTATCGAAATGGCCTT
3423,GGTGTTCACTGGCCTGCGCCGATCGTTATCAACGCGGAAGAGATTGACAGG
3424,TCACCTGACAACGCGGTAAACTAGTTATTCACGCTAACTATAATGGTTTAA
3425,TAATGATAAAAAATGTGGCACACAGGCGGTGCCTTTTATTTTTACTGAAGT
3426,TCTCATGCAGAACCAAAGAATCCGTATCCGCCTGAAAGCGTTTGATCATCG
3427,GCGTGAAAATTAACCATTGCATTGTCAACGTAAAGCAGTATCATGCGGCGG
3428,ACTAAAGTCACTTAAGGAAACAAACATGAAACACATACCGTTTTTCTTCGC
3429,AATGTGTGTAACTTTAGGATAATCTTAGCGTGGCAGCGAGATTTTACGTTC
3430,GGCCGCAACCCGCAGACCGGTAAAGAGATCACCATCGCTGCTGCTAAAGTA
3431,GTTGCCAGAAGCAATGGATACAAGGTAGCCTCATGCGTTATTTTCCCTGCT
3432,TCACTCCGGGCACCGAATAGCGCAGTTTGGCGATGTAAGGCGTGACTTTAC
3433,AATGTCTGACACATATCCTCCTGTGGCAAGCGAAGTAAAACCGTTCGCTCC
3434,GCACAGTTTTAATGCGATAAGGTTCTGCGGCGTTATCGAGCAGTTTTTTTC
3435,GGTTAATCAGGTCATTGAGCGATTGAGAGGTTGAAACAATGATTGGTTTAG
3436,TATGGTGTGATCGGGGTTCAATAAATTGCGAAACAAGGTATACTCCAGCAG
3437,AGCTCAGACGCTGGCTTATATTCCTACAGGGATTGCTTATGCTATCTGGTC
3438,AAGCGAAAGACGAGCGCCGTGAGCGTCGCGATGATTTCGCAAACGAAACCG
3439,GTTCCGGCTTATAATCCCCGGCCTTTGATTATTTTTTTATCATTTCTGGAA
3440,CGCTGTCGTCAAGTCGTTAAGGGCGTGCCCTTCATCATCCGATCTGGAGTG
3441,TTTCACCACAACACTGACATCACTCTGGCAAGGATGTTAGGATGGACCACG
3442,TCGACAATGGTTACAGCTTCTTCGGCGAGTGCCATGCGCTGGGCTGTATTT
3443,TCGGAAAATCAACCAGCGTTAACTTTCTTGTTCTCGTTGCGCTATTTCGCC
3444,CCACCAGCGCATCGCGGTAATTGGCGCGTGCTTCCAGCGAACCGATAGAGT
3445,AAGGACGTCTTATCTTTAAATAAGTGGTAGCGAATCGCTACGGAATAGAGA
3446,CAGTTTCAGCCCCATCAACGCCATCGCCAGGAACAACGACAAGCTTACGTT
3447,ACCAAGACTAATGTCCTTGCAAAATCCAACCAGACGACCTTTTTTAGACAG
3448,TTCTCTGCGGCGACAGATGCTGAAAATAATAACGCCTGCTCTCTCTTTACA
3449,CCGTGTTGCGCAATTTGTCAACGAAAACAATAATGCGTAAGGTAGAAACCC
3450,AATCATTTTTCTAAAACAATACATTTACTTTATTTGTCACTGTCGTTACTA
3451,ACGTTGATACTGGTTAAGACGGTTGAGCAATCGCATATAAACCCGGAACAA
3452,TTAAATGAGTAGTCTTAGTTGTGCTGAACGAAAAGAGCACAACGATCCTTC
3453,GCAGTTTCATACTATGGCGGTAAAAAAATTTGCATGGTATTTAAGGACTCA
3454,CGCCGGAACGCCTGGCACATTTACTCATGCTGGTACAGAAAATCTGTTGGC
3455,AGGTAAAAATTCATCAAATTCGGGCTTTTGTTGAAGTGGCTCGTCAGGGCC
3456,ACTTATTCTTCAACAATTGAAGAATATCTTCTGTTGCAGGGAAGTAGATAC
3457,ATCAAACCGGATCAAGTCGAGCAGTATTACATCGACAAAGTACCGCTCAAA
3458,TTCGTGCCAGCGCGCAGGGGCTCTTTATGACCATGGTAAATGGTGTCGGCT
3459,ATAACATCTCCACGCCGTTGATGTTCCATCTGTTTAGCTATACTGATGCCA
3460,GCCCCAACGGTACGTGGGATTGCCCGTACGGCGGCCCAGCTAACGATTCGA
3461,AATGCGCCCCCCATCAACAAAATATTGACCAGCAGCGGTAAAATAACGAAA
3462,ATTTGCGACTGGTCTGGAGGTAACTGATGGATATTGTGTAACGTAACCCAA
3463,GTTTATCTACAGGGCTGTAATGAGCAGTTCATTGAAGCGCCGGGTATTCGG
3464,TGCGGCCTTTTTTCTTTTCACTGTCGAAGAGTCACCGTAAAATCAACGCCA
3465,TTGATCTGGTTTGCCGCGGCAGCGTGGCGGAAGGTTGTAAACTGCACCTCG
3466,GCTTGTACCATTTGGTAGCCAGTGGTACCACAACCTGGTACGATTATGCTG
3467,CAGAACTCATTACGCAGTTCAGAGGCCAGCTTTAACGCGTCCGCACGATCC
3468,GCAAGGTGATATTGAGGCTGGCCGTGACGGCTTGCCATTGTTGAGTAAGTG
3469,GTAAGGCACCACGCAGTAGGTGCAATATTTATTGCAGCCTTCCATGATGGA
3470,CTGGGTGGCTCGCACCGTCGCTACGCAGGCGTAGGCGACATCATCAAGATC
3471,TCATATTGTACCTTTTTGATTAACCATTGGGGTGAGGGAACCCAATACGTA
3472,ACCTCCTTATCTCCAGCCAGCCTTTTTCCACAATCAGATATACTTTCCCTA
3473,CTGCCTGCGCTGGGAAGATAAACAGTATTTTGTCCAGCCGTCGAACCGGCT
3474,GTCGAAGAAGGCGCAGTCATACTCATCCGCTTCGATAACAAAGAAGTCGCT
3475,CATCATTCAAAACCCAGATGTAATTGTCATCAAAGGCGGGAATACTGTTAA
3476,ACCGGCAGACGTCGCTGCACAGGCACGTCAGTCGCTGGATAACGTAAAAGC
3477,GCACCTGCCCGTACTTCTCGCTTTTGGCGGTATCCGGTACACTGCATTTTG
3478,CTGGATTTTCGTGAGACAGGAAGAAGATGGACATTAACAACAAAGCCCGCA
3479,GCTATTGCCGGAATGGGGGCATTACTGGCGGCATCTATTCGCGCGCCGTTA
3480,CACTGATAAATAATTTTCGTCAGAAAAGCGACTGCCAGATTATTTTTTATA
3481,ACGAAAGCGCCATCAATGTGCTGAGAACAAGATTGCCTGATGCGCTGGGCC
3482,TGGTCTTAATGATGCACTAACTCTAATTGATGAAGTGAAACATCCCGAACG
3483,GAGGGGGCAGCACGAAACGTTAAAGTGCGATAGCCGCCACAGTGCGACGTA
3484,ATCCTGACCTTTATTGCGCTCAACGGCAGCCGGATGTGGATCAACAGCGCG
3485,TGAGAGTGCAGAAGGTCGAGGCCGGGCGGGGGTTTTGCTATCCTGTTGCCA
3486,GCTCTGGATTAATATAATCACTACATCTATCTGAGCAATCTGTTGTTGATC
3487,TCGGTGTCGTGCAGGCGGCGGAACTGAACCGCCCACCACGGTAAAAACACC
3488,AGTGCATCCGGCTTTCTTTATATTCGCCAGAAGGATTTATTATGCAAAGGA
3489,ATAAGGTCAAAGAAATACTATTGCTCAGGTCTATACCGTATACTCCTTTCA
3490,TCGAATGGCTGGCACATGATGAGCAGGCGGTAGATGCGCGTCTGGCGCAGC
3491,CATTACCGAATTTTGCAGCAAACTGCCGCCGTCGCATTTTTTCCGCTGCCA
3492,TGCTGACTGTAGGCCGGATAAGGCGTTCACGCCGCATCCGGCAATCGGTGC
3493,AGTCCTTGCGGGGAGCGGGCTTTCGTAGTAATACCCCGACTCTCCCCGTCC
3494,ATTTGCGTACGGGTGATTTAGTTCTGTTCCGTGCCGGTTCAACGGGACGCC
3495,ATTATTTTATGAATTAGGTAATTAAAGCAAACACTTATCAAGGAACACAAA
3496,ATGTGCCTGTTTTATTGCTTGTTGCAATACGGCGGGTAACGTTAAGAGTTT
3497,TCGGTGTAGACTTGTAAACCTAAATCTTTTCAATTTGGTTTACAAGTCGAT
3498,TCGGCGAAACATTATTGATTCTGTTGATATGATCACGTTATACCCAATGTG
3499,ATAATAATGATATCCTTTCAATAATAGCGTATCAGTCTGATAATGCTTTTG
3500,ATGTGGTGCGCTTCTCCTTCTGGCAGGCGTTTCTCTCGGCACTGCTCTCTT
3501,ATCGCGGAAAAGCTGTATTCACACCCCGCAAGCTGGTAGAATCCTGCGCCA
3502,CACATAGCTCTATCCGTTTCTCTTTAGGTCGTTTTACTACTGAAGAAGAGA
3503,TTCATGATTGCCTCTTACCGCACAAACCCAATGTTGTTCCAGTAACTGCAG
3504,GCCACGCAGACGGTCGATCTCATTTTGCGAACATTCACCGCCAAACGGCGA
3505,CGCAAACCGGTGCAACTCATTTCCGGTTATCGTTCTATTGATACCAACAAT
3506,GCGGGGGCCGGATTTGAACCGACGACCTTCGGGTTATGAGCCCGACGAGCT
3507,TTATTCGACCTATAAAACTATGCAAATTCAATACATTGCAGGAGTCGAATA
3508,GAGCCTCTCAGAGGCGTTATTACCCAACTTGAGGAATTTATAATGGCTAAG
3509,ACTCTGTATTCGTAACCAAGGGGTCAGCTCGTGACAACTATAGTAAGCGTA
3510,TAATGCGAGCCTCATCTTGCGCGCCGCCCGTCCGCTGCTACTCTCAACGCG
3511,GGTGCCGAGGAACAAGCCATATTCGCCTGGATTCAACTGATCACGCAGCGG
3512,TCATAGCGATACCAGTTCGCCTCGAGCAATTCTTTCGGGTCGATCACGATC
3513,CAGCCAGTTTGTTGCCGGGCTTGATCAACTGGTATCTGGTTTTGACCGCAA
3514,ACGCATCGACATATCCAGTGAAGCGAGGGCTTCATCGGCAATAATGACTTT
3515,CGCGACAAACAGACGGGGGCCGCCTGCCCCCATCAAATTCAGACACATAAG
3516,CTGAATACCAGACACAGGCTGTCGAAGGTATTCCAGCGCGCTTTTTCATTC
3517,CCTGTTTTTTCAGGCGCTTAACGGTAACTTCGTCATCAATACGTGCGACAT
3518,CGGCGTTTGCGATTACGCAAGTGGTGCTGGATGAAGCTACATTGTTCAATA
3519,TAATAGCGAGCAGGGGCAGAGTGTTCCATTAAATACGTCGACAACTACAGA
3520,CTGGCATCACACTTGCGGGAAATTCGATAAATAGCACATATGATTAAAACT
3521,AAGAGAACTGTAACCACTGGTGCCAGACGATGTATTACCTCCGTGGGTGTT
3522,CTGAGCAGAAAAATGCGATTTAACCAAAAAGCCTGCTGTACACTTAAGAAA
3523,TGTCGGCAAATGGTATTGAGCTTACTGCGGCTATTTGCTACGAGATCATTC
3524,AATCAGTACCTGACTCATCTTCGCTCCTTTACAGAATTGTCTGCCTTGCGC
3525,CCGCGCTTCCGGGGGCAATCGCCTTACTCAGTCATTTGAATAAAGCAGGTA
3526,AGGTTTAGTCGCTTGTGAAAGTGTTCTGAAAACGGGCATTATCCAAAGTTA
3527,TCAGTAACCCCGCGCGATCCAGTTCGCCGAGAATACCGATAACACCACCAC
3528,GTTTCTACTGCAACCGCAACTTCTTCAGAAACAAAAATCAGCAACGAAGAC
3529,GAGTTCCCTGTGAGTCGAGCATTGTTCGCCGTAGTATTAGCATTTCCATTA
3530,CATATAGCCGCCTTGTTGTAATGACAACATTTTGCGGCTATTCTTGAATTG
3531,GAAATCTGCTTTTTTTGCCACCGACCACGGATTTGTTATGCTGGTGGCCTT
3532,CATTGTGATGTTCGAGAAAGTCGAGGTTCCGGTGCTCGGTATTGTCGAGAA
3533,AAGGCCTCCATCCCAATAAGAGCGATGCAGAAATTGACGCTATGATGGGTA
3534,TGAGGTTTTCAGAGCAGACAACGGTGAAATGTCATGGTATTGTTACGTTTA
3535,GAAATAACCGTACCGTTCATGAGACAATTCTAACCGTGAGCATTTCGCCGT
3536,TTTCGTAATAATGCGATGAAAACCTGCAAAGAGTGGCTTATAGTTAAGCTA
3537,TTCTACTTTCGTTAGGAGTGAATCATGTTAATCATTTACTTTTATCATATA
3538,TCGCGCAGCTGGCAGGAATGAGTGAGCAAGAGATTGCGCTGGCGGCAGAGC
3539,ATATAGTATCGAACATAGAAAAAACTGAAGATTCATCTTATTTTGTATATA
3540,TTCGCCGAATAAATTGTATACTTAAGCTGCTGTTTAATATGCTTTGTAACA
3541,CTGACGCAGTTCTTCGTTCGGCGCATCGGACTCCTTCATTGGTGCCAGTGA
3542,ATGACGAATTTAAAACTACGGTGACCCGTCATACCATGATCCACGAGCAGC
3543,CGTCTGGCGGGCCGTGCGGCAGGTATCCTGGTGCTGATTGGCGTGGTGAAG
3544,AAAGCTCATTAGACGCGATGGAAGCGGGCTACTCGGTCGGTACGCGTACCA
3545,ATGAAAAAATTGATCAATGATGTGCAAGACGTACTGGACGAACAACTGGCT
3546,AGTGTGGACAAGCAGACTACGGATGGTTGCAGGCCCGGTATACTTTTTCCT
3547,TGATGCCAATTCCAGCGGCTTCCAGATCGGCCACTTCATCACGCAGCGCCG
3548,TTGGTCGTATCGGTCGACTGGTGTTGGGTCGATTACTTGAAGTCAAAAGCA
3549,GGAACCTGGATGCTGGCACGGATGTCCGGCGCATGTCTGGTGCCCTTCGTG
3550,TCACGAAAATATCTTCGGACTCTGGAAATTGGTGTGATAACTTTGTCAGCA
3551,AAAGGCACCAGACCTGGACAGCCGCCGCACCATTGCGTAAAAGCAACTGCG
3552,AGACAAGTCGGATTTGTTCAGTGAGATCTGGGAACTGTCAGAATCCAATAT
3553,GGCATAGCGCACAGACAGATAAAAATTACAGAGTACACAACATCCATGAAA
3554,TGATCTACCAGAATCGCCGAGGCATAAGGCGAGAGGGCCTTTGCAGCGTTC
3555,CGATGCGTATCCCGATCTTGATCCGAAAACGGTTCGATTCACCGATATGCG
3556,ATGGCGGCGCGGCAGGTCCGGTCATCTTTGGCGTGGGTTATAACGATATTA
3557,TGACACTATCACAGTTGGCGCATTCATTAACGATAGGGTATAAGTAAAACA
3558,GATCCTACTTTCATTATGATTTGCTCATATTTGGTAGAACATGTAACCATA
3559,ACGTATTAGCATGGCCGCCAACGTATTACGATCGAGATTGATCCCCGCTTC
3560,AAAGCCATCCTGGCTGCAGCGGGTATCGCTGAAGATGTTAAGATCAGTGAG
3561,CCAACCGGGCCGGCACCAGCGATCGCCACCTGAACGCTATGGTTAACAGCA
3562,CAACTGTCGGCGCTTTTCCAGTATGTTGCTAAAGATTTTATGAAAAACGGT
3563,AACCCATCGCAAAAATGGCAATCTCCATTCCGTCAGGTACATTGGTCATTG
3564,TTTTTTGCCAGCTGTTGCTTAAAAGTTAACTTTACTTCACCATCGGAGTCC
3565,CATTCTGCGCCGGGCGAGAGATATCAAAGCCATATTTCGCCGCCATTTCCA
3566,TTTTTGACTTAGATGGAACATTGCATCAGCAGGATATGTTCGGCAGTTTTC
3567,TTCGCTGGTAAAGGGTTTTCTGTATGGACGGTAAGCATGATGATTTTGACA
3568,CATTCTGGCGTTTTCGAGCACAGGCGCAGGCGGTCAAAGGTTAAACAACTT
3569,AACTTAAGGGTTTTCAAATAGATAGACATATATTTACATCTAATATCGGAA
3570,CGGTAGCAGCAGGGCATCAAACTCCGCAGGCGTCACTTCATCGATGGATTG
3571,TAGATTGTGATTGACCGACTGCACGGAGTAGCTGCGTTAATTGGGTATATA
3572,TGTGATGCAAGACGCAGATTATTTAATAAAGACCTGGCATCCCTCTTGTGG
3573,CGCGCTTGCGCTTCGTTAGGGAAAAGTTCGGAGACAATATCACCGTCGTCG
3574,TTTCTTTTTCCCCCTTGAAGGGGCGAAGCCTCATCCCCATTTCTCTGGTCA
3575,TAGGTGACTCTCTGGAAGCGCAGCAATACGGTATTGCGTTCCCGAAAGGTA
3576,GTTGTTCTATAGAGTGCCCCTCTCGTGCCTTCGCAGAAAGCCCAGACATCA
3577,TTTTCAGGAAGGGAGTTTTTCGGTGCTGATTGGCACATCTGGCTCCGGCAT
3578,GATTTTCCCTGGAACTGGAAATTCATGGAAATCAAGTGCACTTTGTTTTAA
3579,AAAAGCCATTGAATTAGAAGACGATGGGGTAATGACTTACGAAAAAGTTGA
3580,TACGTCCGGTGGTTGGCGAAATAGCAGCCAATTCGATAGCTGCGGAAGCAA
3581,GATAACGCCACGTAAATCGCCGGTACCGCTACCCGTGGTGTCCTGAAAACT
3582,TCGAAGAGATCACTGCAGAAATCGAAGTGGGCCGCGTCTACACTGGTAAAG
3583,AACGATACGCGCCACCACAGGGTGACGAACCACGTCTTCGCTGTGGAAGAA
3584,ACGAATACCGCGCGCGCTGGCATCCTGCGGGTTAATGAATACTGGCTCTTC
3585,TGAATAATCCGGGCATCATTTCAACGTCGAGTGCGCGAAAGGCTGTTTTGA
3586,ATGCTTTCCAGCAAAACTGACAGTTCCTCTTCTGCAACCAAATAGGGTGGC
3587,CTTACCCACCGGAATGGCAAACATCGCCACACCGACGCCAAACCAGCCAAT
3588,TGTGTTACCAGGTCGATAACCTTTCGCAAGCAGCGTTGGTCAGTCATATTG
3589,TCTTCAGCCACAAATTTTGGTTGCGGGCGAAAAAATGCGACAATACATACA
3590,AAACCACCAGTAGCAGGAACCAGATGGCAACCGAGGTTTCAAGCCTCGCTA
3591,AATTGACTGGAATTTGGGTTTCGAGGCTCTTTGTGCTAAACTGGCCCGCCG
3592,GAAAACGTGGTGGGTAGCGAAACCCGCGTGAAAGTGGTGAAGAACAAAATA
3593,CCTGTTCATCATGTTGGGAATAATTGACGACGTTAATACTGCCTTGTGCAC
3594,CCATCGGTGAAAATTTCTACCTGTTTAAGCATCTCTGGTAGACTTCCTGTA
3595,GCCAGCGAACTGCAGCGTATGGAAACCGATCTGCAGGCTAAAATGAAAAAG
3596,AAGCGGTGATGAGCTGACAGTCACTTTCGATGGGCATTCTTTGACAACTCG
3597,GTAGCCACACCCAGAGCGAAGTTGATACCAAACAACTTGCCCCAGAACTTT
3598,GTATGGTGATCTGATTCACATAAATTAACATTGTGTGTTATTTTATGTGAA
3599,CGATATCAGGATCGGTCCCGGACTGGAAGGTAAGGGTAATTGTCACGCTAG
3600,TCTGCTCTGTTTGTTAAGGAAATCTCATGTTCAAATCGACCCTGGCGGCGA
3601,ATGTCAACCGTTTGAATTTAAAATAAAAAGAGTATCATTTTTACTTGCATT
3602,GCGAATTGGCAAACCTAAACAGGAGATTACTCGCCTATTTAACTTGCATCG
3603,CACAAATAGAACTGCCCCTGTGGCGCAGACCAGGCGAAAGTCGTATTGCAA
3604,CCCAGCCGCAGCATATTAATACCATGCTCTACGAAGCAGAGCTGTTCGCTA
3605,AATATTTATTGGCCGTGATCCGTAGCAAACCGAATGCCGTGATTTGCCTGG
3606,AATACCGCGCTGGAAGGGCTTTATCAGTCAGGCGATGCGCTTTGCACCCAG
3607,AAACCAAAGATTGTTTACATAAGCGGATTAACACGCGCAGGATCACAAATG
3608,TGATTTGAACAGTTAAAAACGAAAAGTCTGATAAAAGCTATACTTAACGGA
3609,CCACTGGCAATGCCAGCGGTGGCGGCGGGCTGGGTGTTAAGCTTTACCCTG
3610,TATATATTCAAAGTATTCTTGGCTCGCGTAATGATTACGCAGGTGTCGAAA
3611,AAAAAAGGAGAAAACTTGATGAGCACCGACCTTAAATTTTCACTGGTAACA
3612,AAGTCTCTCACAAACGCGCCTATTGTCGCATTTTGGTATACGATAGCGACG
3613,CGGTGACCGTTTTGTGATTACCGCCAACGGGCAGACTGTATTCAGCGAAAG
3614,CGCAGACATTACTGATCGGCGGCGCGGACCAAACGTGTAATATAATAGACT
3615,AACCGCACTGGGAACGGGCGCAGGGCGCGGTGATGGCAACGGAAAAAGTCA
3616,CGCGGTGAGGAACTGGTCAATAATTGGAGTGCAGGTTTAACGGTGGGCGTG
3617,AGGAGCAAAGCTAATGGCTTTAAATCTTCAAGACAAACAAGCGATTGTTGC
3618,TTATCTCGCCTGTGCGAAAAAGCTGCTGGCGGTGCCGAATCTAATCTACCT
3619,TTAAGTTAATTCTGACAGGCGCAGGTGGCAATAGCATGCCACTATTGAGTA
3620,TAGCAATGAACGATTATCCCTATCAAGCATTCTGACTGATAATTGCTCACA
3621,TGCGCGACGTCCAGCGTCTGGCTGAAGCCAACGACTTTCCTCCCGTCGATG
3622,AGTGCAAAAAGTGCTGTAACTCTGAAAAAGCGATGGTAGAATCCATTTTTA
3623,GTATTGACGGTAAAATTTCTTCACCGAGTATCGCAACCGTGAACTCCGGCT
3624,ACAGGCATAATTTTCAGTACGTTATAGGGCGTTTGTTACTAATTTATTTTA
3625,GATTGCCCGAGATAAATGTGTTCTGTTGGCATTCTTGCTGCCAGTTCATTC
3626,TGCTATCTTCGCCTCCCCCTATACCAGAGGCGGTTCCTGCCACAGATTCTG
3627,CCGTTGATCATCCACATCGCCGCTACAACCCGCTCACCGGGCAATGGATTC
3628,TATTGCATCAAATGCTTGCGCCGCTTCTGACGATGAGTATAATGCCGGACA
3629,TTGAACGTGAACAGCCTGAACATTTGCGCAGCTGGTTTCGCGAGCGGCTTA
3630,GGCGACACAAGCTGCCAGTGTGGTCGGTGTAGAAGGTGTTCCGGCGCTGGG
3631,GGAAAAACAGATGACCGCGCGTGGTTACATGGTTGGTCCGAATGGCCCGGT
3632,TCGCGCATTTCGGCAAGCGCCGGTTGTTGGGTGGTATTCAGCAGCGGAATC
3633,TTAGATATTGATACTCCGGACGACTTTATTACAGCGAAGGAAAGGTATACT
3634,GCAAGAGCGCCTTACTGGCAACTTTGGATTTTGCATGCTAATAAAGTTGCG
3635,GATGCGATGGATATTACCGGCGGTAAAGGCATTATGCTCGGGCAAAGCAAA
3636,TCTCGTTGCGCTTAATTTGACTAATTCTCATTAGCGACTAATTTTAATGAG
3637,ATTAATGGCGGATTAGGAAACTTAGGTGTAAGTGTAATGCAGCTGGTTGCT
3638,GCATTAAGAAGTAACATCCGTATCGGTGTTATCCACGAAACGGCGTTGAGA
3639,GGCGCTCCTAATATATGGCTGATTTATAATTGTGAGTTTAATATTATGTTG
3640,ATGTGAAGAACGTGCTGGCTTATGACGCTTACTACCGCTATTTCATGGGGG
3641,ATTGCCACCATTGCATGTTCTGCCTGCCACGACGAAATCGACCGCCGCACG
3642,GCTTGCGCCTGCTGCTGTGCGTTGGCCTGCGGAAAAGCGACGCTGGTGCGC
3643,CTGGCAGATATTTTGCCTGCCGGGCGAACAGTGTGATACATTGCTGTGTCG
3644,TAGGTTTACAAGTCTACACCGAATTAACAACAAAAAACACGTTTTGGAGAA
3645,TATAAGTACGCCCTCGTAATTATCGTTGGCGGTAAACAACCGTTGGATTTC
3646,TTCTCGACTTCCGCCTGCGAGGAGGCGATGGAATACAGACGCGGCGTCAGG
3647,CAACCTTGAAACTCGTGAAATGGTGATAGAGCGAGTGCTCGCGCTGGATAA
3648,AATTCATTTATGATTGCATCATCAGATACTAACTCATGTTGTTTTATCGTA
3649,TTATCTGCCAACGGCGGATTACTGGCGACTGGGGGCGATTTTTGGGCTGAT
3650,ATACGTTGCGTGAAAACCAAAGAGGTGCCACGCATTGATGTTATTTCAGTT
3651,TCCCTAAACCTCAGAATTATGCGACAAAGGTTTAACGTATATGTTGATTTG
3652,GTGTCTGCGGCTTGACCTTCCCGTAAGGGGAAGGACTATGCTCAACGTTTG
3653,AACCATAAGAAATGGGCGACGGAAAATGCATTTGTTCTACAATACCATATG
3654,TACCATTGCGCGTTATTTGCTATTTGCCCTGAGTCCGTTACCATGACGGGG
3655,GTCCAGTACGTCTTGCACATCATTGATCAATTTTTTCATTATTTTGCTCCA
3656,TGATGCTTTGTTGATGGGAAAAAGTAAGCGCGCATTGCATATTCTTCAGCA
3657,ACTTCGCCTCTATGTTTATCGTGATAATGAGTTTTCAAAGGCGAAGTGTAG
3658,GGAAGCGAAAGCCGCGAACGATAAAGGTCGCAAGTTCTTCGCTGATATGCA
3659,AGCCGCTGCCAAAGGGATCTTCCCACGGGTTCCAGAATGCGGTAACACGGG
3660,CTCGTGGGTTTCATCTGGTAACGGATGAAATTCTGAATCAGCTGGCTGATA
3661,TGCTAAAATGTGAATTCAGCAATGATTGCGAGGTTATCGCAAGAAAACGTT
3662,TATCTGTTTCCCCCTTTAAAAATTCGGTGAATACCCTTACTTATTGGTATA
3663,ATGCGCAACGCGGGGTGACAAGGGCGCGCAAACCCTCTATACTGCGCGCCG
3664,TGCGAAGCGGAATTAATTCGCGAAGAAAAGCAGAAAAAACGCCGCTGAACG
3665,ATACGGCATTCCTGGCACATGTAGTTTCGCGTACCGGTTCTTATCTCTCAT
3666,ATTCACCAACAGGCATTGCGTGAACTGGTCGCCAGCGGTTTTAATCGAGTA
3667,TGGTACTACAAAGTTGCCGCGTTATGCATCGATCGGGGTAAAGTAGAGAAG
3668,ATATATTACAGATTAATAATATTCTTAAAATGTGGTAATTTATTAAATCTG
3669,CCTTTCCAGGTGACCGTGTAATCTGAACTACCCTTTGGTATCTTCAGTGCC
3670,CTCCAGAAAAGTGGCACAACATTGAAGCCATGACTGACGATACTTATTTCA
3671,TGGTACGTAAAATGACGGTGGAATATTACGCACCTGCGCGGCTCGACGATA
3672,TTGCCCGCGCCTTACAGTCCTCTATCAACGAAGACAAAGCGCACTAAGGGA
3673,GTGGATGGAATATGTATCAGTATCCGTTGAATCCCATACAAGTGATAGACC
3674,GCGTCATCCAGTCGGCGGAAGAAAGGTAGACCTTTTTATCGCCGCCATTTC
3675,GCGACGGATACCCTCGCGATTCATCGTTAATTTCGTTGCGCGAGCGCAGGC
3676,GGAACAGACTATCCGTCTGCGCGAAGAAATCGCTGAACAGCACCGCGCTCG
3677,TCAGCGGGGTCTGACCGCCGTACTGGACGATAACGCCTTTCGGCTTCTCGC
3678,TTGGAAATAAATGCCATAATCCCTGGTGAAGTTGGTAAAGATCCCTGCTCG
3679,ACGGTTCTGTCTGCTTGCTTTTAATGCCATACCAAACGTACCATTGAGACA
3680,ATTGCCGTGGGTGAGTTGTTTGACGGCATGAGTCGGGTTAAAAAACAGCAG
3681,CTTTTTCTACGGGCAGAGACTCACCGGTTAACGACGCCTGAGCGACGAACT
3682,TAAAAATCCTCACCGATGAACGCACGCGTCGTCAGGTGAACAACCTGCGTC
3683,GGACAGGATTAACACTAGCGTAGAGATGACGAGTACGTTAGTCTCTGACCG
3684,CAGAACAAAAAATCATTGATGCCGGGAAAGAATTACTGGCAAAAGGGGCTG
3685,CTTCGCCCGTAATCAACACGCTACGGTGCTGATTCGTGGCCTGCGTGCGGG
3686,TGTGAAACGGAAAGGTACAATCTCCCTTTTTTTAGTGTTAACATCGCTCAA
3687,GGGTTTCAATGCCGTGGCGGATCGCCAGATAGTAAGGATCGTTGATCTCCG
3688,AAGGTTTGCTTAGACTTACTTGCTCCCTAAAAAGATGTTAAAATTGACAAA
3689,AGAAATCCCCTCGATTTGAACATTTGGTTCTTATGGCAAAGATTTAGTCTA
3690,AAATCGCTGTTTAGCGGAAAATATCGCAATGCCTCTTCAACGCCTGGCAAA
3691,GCCGGTATTTTATTGCTGGCATTTTTGCTACTGCGCGGACACAAACTCCCC
3692,CTTAACTTGCCCTCATTCCCAAACCTCAATCGCGCGCGTATAGTAGCAGCG
3693,GAATTTTACGACTCTGACAGGAGGTGGCAATGCTGGTTGCCGCAGGACAGT
3694,ACGGTATCGAAACTGGCGAGCACGGCGCACCGCTAAAACATGGTCGCGTGC
3695,ACCATCGCCGTTCCGCTGTTTTTCTCCGGTAAGGCTGCGATAATTACATCA
3696,TTTGTTGTTAAGCTGCAATGGAAACGGTAAAAGCGGCTAGTATTTAAAGGG
3697,AGCTTGTTTCGCCGGGGACAGCATTACTCAAAGACGTGGCCGCTGGAAAAA
3698,AGGTTATTAAACTGTTGAGCGTGGGTAAAGGATAGTGTCAAATAGCCATCA
3699,CCGTCAAATTGCCCGTTGCATGGCAATTTGGCGCAAAATACTATCTACTGA
3700,GGTAAGGTAATGCGCGAGCCATAAACTGAGCCAAACGCCCAGCTAATCGAG
3701,TAAAAATCGGTCATTCCGCATGGTATTCACGAAAAGTTTATGTTTGAGTGG
3702,GTCGCCCCTGATGGGCAAAACATCTATGATACACGCAATTGTGGATCAATA
3703,CATGCCATTTACCGCCGTGCTGTTTGGCGGCGGTGCGCTGGCGCTGGCAGA
3704,CTCCTGGTCGCCCCTGATGGGCAAAACATCTATGATACACGCAATTGTGGA
3705,GTACAATGAACTGTACAAAAGAGGAGATTGACATGCGTACAATTAGCTACA
3706,TTAGGGTTACGTAGCTTTAACCTTGATTTGATGCATGGGCTGCCGGATCAA
3707,GCAAGTCGATGACCAAAAAACTCCATATTAAAACCTGGGGCTGTCAGATGC
3708,CACATTAGGTATCAACGGCTATATGAATTGCGTTGGCCTATATTAGCATGG
3709,AATCGGCACGCTCATCACCGCCATCTACAACGGTGATTTGCGGATGATTCG
3710,TTAGTGCCGGTAGTTATGCCACTACCCTGTGTCAGGAAAAGGAGCAAAATA
3711,GCACTGACGTTCACCATAAAACACTGGGCATTGTCGGGATGGGACGGATCG
3712,ACGCTGGAAGAATTGGCCTATGTGCCGATGAAAGAGCTGTTGGAAATCGAC
3713,AGACGCCGTGATCGGCACACATAACCAGTACCGCTTTTTTGCCCACATGCT
3714,AGGGCATAGAAGCGCGTGTGCGCATTTGTATTAATCAGCTGCTTTATACGG
3715,AGATCGCGAATAAAACGACAGAATCTCAGGCTGATTTTAAACTGGTTGCCA
3716,CTGAAGATGAAGCGAAGTTCAGCGAGTGGGTAGAACTGCTGCTGGATCAGG
3717,GGTACAGCAATACGCCTGACAGGAAAGCAATGTCAGTACCGGAACGAATAG
3718,TTTAGATCCCTCCTTGCTTTAAAACGTTATAAGCGTTTAAATTGCGCTTCA
3719,GAGCCGATTCAGGCAATGTGATTTGTTGCATGCTGACTATAGTTAACATTG
3720,GTGTACGTCAGCTATTGCTGGTCCGATTCTGCCAGGTCATCTTGGTCCTGG
3721,TTACATAACGAAGAATTGACCATTTTGTCCTGTTGTGCCTTAATGTAAGTA
3722,TGGTTGGCTTCGATATCGATCTGGCAAAGGAATTATGCAAACGCATCAATA
3723,CGTGCCTGGTTTAAACTTGATGAAATACAGCAAAGTGACAAACTCTTTAAA
3724,CGATTAATAATCAGTAGCTGAAAGCAGTCAGCGAGTGATAAAGTACAGATA
3725,AACCCAGAAATGCAGAAAACCTGGGAAAGCTATCACTTAATCCGTGACTCA
3726,CAAGTCGTAAAATAACAGCCTGGCTATTCAGAGTATGATAAAAACAGGGGG
3727,GCGTGATTTTCGTCGGCATCCTCGGCGCGGTATTTGGCCATACATTGCTTA
3728,TGCGCCACAGGCTAATCTCTTTTTCCGTCAGTTCGCTAAGATAGTTCGCCC
3729,AAAAACCGTAACGTTCACCCCAGCGTTTTCGATAGGCCGGAGCCTTACGTA
3730,CGGCGGGCTGACGTTACAAGGAATGGATGATAACGCCGCAGGTTTAGGTGT
3731,TGTTTACCGTGCTAGTGAAATCTACGTATGGCGTGGACAGACGCCATTCGT
3732,TTTGGATATCGACGGGTTGTGCAGACATGCCACCTTCCTGCTGATTGACTT
3733,CCTTTGTGATGCTTGTCCGGGATAACCCGGGTAAATCCTTAGCGTTAGAAA
3734,CACTTTTTTTGCCACAACACGAAGCGGCGCTTTTTGCTATAACTTAGAAAG
3735,AAATGGAAATTGTTTTTGATTTTGCATTTTAAATGAGTAGTCTTAGTTGTG
3736,TAATTTCTTCCTGGCCGGGGCGAAACTGTTGGTAGCCAAAGGTTTCTTGTA
3737,GCGGCTGGAAAGCTTTATCAAACGTGTGAAAAAGATGTTTGATACCCGCCA
3738,AAGCGGGCCAGTCCCCTGAGCCGATATTTCATACCACAAGAATGTGGCGCT
3739,CAGGTGTGCGACAGTTTTTTCAACTGCGCTTCCACCGCGGCCACCACCTTA
3740,TGGTTCTCCCGCAACGCTACTCTGTTTACCAGGTCAGGTCCGGAAGGAAGC
3741,ACCGATCTGGATGATGACTACTTTGACATGTTGCAGGAGGAGCTTTGCAGC
3742,ATTCCACCGTTGCTGTTGCGTCGCAACCGACAATTACGTATTCTGAGTCTT
3743,TTCAGTGATTTCCAGATGCGGATCCACCGGGAGCGTGATACGTTTTAGCTC
3744,ACACCATAAATACACAGACACGGAGAATCACTATGTTTACTTATTATCAGC
3745,GGAGCAGTGATTTTTGCGCGATCCGGCCGTCAGGCTCTATTCTTAACGTTA
3746,ATGTCGAGGAGATCGTGGCGCAGGCAAAAGGCGCACACTAAAGTCAGAGTG
3747,AAGTCCATAACTGGCTGGCGCTGCACGGTCGCGGCCAGGATTACTGCCAGC
3748,AAATAAGTCAGTTCTTTGAATAAGCTTGATAAATTGTGTACCGTTCAGTGA
3749,GGATTTCCAGACCAATATTTACTGCCAGTTTGTCGGTCGCGTCCACGATCT
3750,AGCTGCTTTCGACCTATAAAAAAGATTCCGCGCTGATGCGCTTTAACGACG
3751,TTCTGTAAATATGTTGGGTTCAAGGTTAAATTGAGCGCCATGCTTAGAAAA
3752,TCCAGCAACAACGGCTGGATCTTTCCGCCAGTCGTCGTGAATGGCTGGAGA
3753,CCGTAGGAGAAACCGTAGTCGCTGGTGTCGTGTTTGTAGGTCGGGTATTCA
3754,AACATACCTTATTAAGTTTGAATCTTGTAATTTCCAACGCTTCCCGTTTTA
3755,TGCTGCTGGATGTTTCTGGTTCTATGAACGGTAGACCTATTAATGAACTTA
3756,GTCACCACTTCAACTGGCGAAAGCGCCCTCATCCTGACATAATCCCTGTTC
3757,GAATTCCCTACCGGGATAATGCTTGAGCAGCACGCTATTGCAATACCGCAA
3758,CATCTCAAATCTGTCGTGGATAAATCCTCCGTAGCCTTTACACTTAGGTAG
3759,ACGCCAGGTTATCATGGATGGCAGCAGGAATTCTGGCTCGCGCATTGTGGA
3760,CCTATGTTTCCGCTCAACTCATAACATATTGATATACATTTATAATTTTCG
3761,GCAGGCGCGCCGCTGTTAATGGATGAACTGACGGGCGATTTGAAGGCATTT
3762,ATCTTGATATGGGTTCCAGCGTGTCAGGTATTGCCCTTAAAATGACGGATG
3763,ATTTGCCCGGGTGTGATACCATTGACGGCACTTACATATATATTGTCGGTA
3764,CTGCTTAGCGTCATCACCGGACGTAATCCGGTATTGGCGATATCACGCCAT
3765,ATACGCGGAGCATCATCAACATCCGGGTTATAGCGATAAATTGAAAACTCG
3766,TGGGCTCATAAAGCGGAGAGTGATTTGAGCTGATTATCTATACTCCCTCTG
3767,ACTAAACTGGAAGCAAGACCGTAGGCATTCCGCTTACGAAAAAATAACGAA
3768,CAATGGATATCGCCGTTTATACCGGTGGGGCATTGCGCCACACTAAGGTAA
3769,AAAGAAGGCTAAAAGGGCATATTCCTCGGCCTTTGAATTGTCCATATAGAA
3770,TGCCGTTTAAAGAGATGCGCACCGCCCTGCGCACACGCAAAATCACCAATA
3771,ATTACTCGACGAGATCGTGACCCGTTATGATGAAAAAAATCGACGTTAAGA
3772,TGGTTAGCACTCTCCTTGTATCAAAGTGAATTTTGCGTCACGATCGGTGCA
3773,TTTGAGCGAAGTCAATAAACTCTCTACCCATTCAGGGCAATATCTCTCTTG
3774,CCTGTTGGACGCGATGCGTGAGTTCTGTGAATACCGCAATATTCTGCCGCC
3775,TTGCCGCCTCGCCTGGTGCCTTCGCATCAGGCAATCCACTTGTTGCAAATT
3776,ATTGCGGACTCAAATATTTTCCCTGTGTATGATTCAACGCTGTCATCTTCA
3777,GACCGGTTCATCCCAGTCACGCAAGATGATCTCTTGTCCGGCTGCATGATA
3778,TCACCACCACGCCAGACTGGCCCGACGGTGTGCACTACGGCTTTAGCGGGC
3779,GGATGGTGATTTTGCAAGGTGGCGTCTGGTTACAACTGAAAACTGTTGGTG
3780,CGGTCAGGCTACATATGCACAACTCAACTTATTCATCTATTTTTTGCTTTA
3781,GGTTAGTATTCACACCCGCTTCAGTGGGAAAGATTAAAAACTCCCGCTTTA
3782,CGCTTGAGCTGACCATGATGATCTCAATGGATAAAGAAGGTGACAGCACAG
3783,CTTCACCAGTTCCAGTGTTTTGGCGTCGGTCACACGTATATTCTTGTGATA
3784,CGAGCGTGGGACCGGCGTGCCGATGCCAAAGAAGCCCTGTGGGCGCGTTTT
3785,CTTCTCCCAGCCTGCTGGATGGCATTGTCGTGGAATATTACGGCACGCCGA
3786,TCGCCCTGCAATACGCGAAGAATGTCTTTAACGCCAAAGTGATCGCCATTC
3787,TTTTTCTTTCGGCTTTGCTGCTTCAATCTGCTTAACGGTGAGCATGGGTAT
3788,TCGGGCTGGATAAAGCCGATCCCGCCGCTAATGCTGGTAGCCTGAAAACCG
3789,TTTGGCGGAGGGCGTTGCGCTTCTCCGCCCAACCTATTTTTACGCGGCGGT
3790,GAGCGACAAACTGGCGACACTGCTTAGCGATGCCTCCCGGGATAATAACCA
3791,TCAAAGGTCAGGACATCATCGCCTTAGACGTTCAGGGCAAATCCAGCATCA
3792,ATTTTGTTTGATTTTTGTTTAATTGGTTAGATTGATATATGCTGATAGTTG
3793,ACCCGTTATCGGGAACAGCTGCTTGAGAACGCTGCCGGTCAAATGGTTTGC
3794,ACGCATAGTTAAAAATCCGCGTCGTCTCCCCACGCGGTTGTACGCGTGGGC
3795,AGCTTCGGCAGCATGGCAGGCAGTAATGCCGCATACGAACTGACCAGCACA
3796,GAAAACAGGCTGTAAAAGGACAGTGAATCATGCCCGCTAATGCTCGCTCTC
3797,AAAGTTGCAAACTTTGTTGCTTTTGTTGGCGCGATGTATAGCTTTTATGCG
3798,GCATAAAGCGGTAGGTGTCGGTGCCTGCATTTATGGCTTATGGTTATTGTA
3799,GATTGGGACATAAGCACGGTATCGTGCTTGGTAACCTGGTAGGATTGATCG
3800,CTGACATCAACGAACTGATAAGGAATATCAGCCAGTGTTAGCATCAGCTCA
3801,TCGCCGTCAGGGAGCATATGCGAATCTTCGGATTTGCAGGTACTTACTCGC
3802,CAAACACTCACAACGGGTATCCATGCGTTCTTAACGCAGAAGATAAAGGAG
3803,TACTGTACGTATCGACAGTTTAGTGAGTTTTATCATGACGGCGGAAGGTCA
3804,GACCGGTACTCGCGTAGAAAAAACCTTCAAATCTACTGATTCCGCTGAAGG
3805,GGCTTTCCCGGGCACTGGAAGTTTTTTTCATTTCGGGTAAAACTTTAACGG
3806,TATATCATTTGGATGAATCGATAAATTTCACAAGTGGCTAAGGAGAAAGTA
3807,GAAAATTATTCGCCGTCCTGCGTTTCTTCTACAGGCTGCATCTCGCTAAAC
3808,CCATTGTCAACAAATGACGCAGGTTTTGATTGGTGATATCTATTTACGTCA
3809,TCTGCAAAATTTGCCATTTTTGCGCCTGAACGGGCAGCATCTCCTCAACCC
3810,TTAAGAATATTCATCTTGTTATCTGTCTGTATTTTAACCAGAATTAAATCA
3811,GTGGCTGATTGCCCGACCGTTGCAAGTGCCAAATAAACAGCGTCGTTGGTT
3812,CGCCCAGTTCGCATTTCAGCCATTTTGCCTGCGGGCGGGTGGCGGCAAAGG
3813,GAAGTGAAAAAACTGTGAGTAAGCGGGTGATAAATGGTAAAAGTCATCTTG
3814,TCCGTTGCGCCAGCTTCTCAGCCAGAACATACGAAAGGTTTTTCTGTGCAT
3815,ATCGCCGCTTCGCCATAACGCCGTATCAATTTCACCTGTCGGGGAACCCAA
3816,TTAAATCAAAAGACATAACAAACTCCTTGTAAAATACAGATTGGTTTTTAT
3817,GACTTGTTTGACGGAGAGGTGATTAATGCGACCGGTGAAACACTCGACAAA
3818,CCGACGCAGGTATCGATCCGGCGTTTCGTCAGGCGCTGGAAGAGAAAGGGA
3819,CCGACCAGAATGTCGCATCAGGTTTAACAGAACCAGGGGCAATTAACACAT
3820,GCCTGACACAACGCTGCGACAGTAGCGTATTGTGGCACAAAAATAGACACA
3821,AGTATGAGCGTTATCAGCCCTTAGGGGTAAAAATCCTGTAAACTTAAAGCA
3822,AGGCCGCATGCGGTCGCCGGAAGGATCAGTGCCGGAATCAATGTATGAGCC
3823,TTGTCTGTAAGCGCCTTGTAAGACTTCGCGAAAAAGACGATTCTATCTTCG
3824,TCTCTGGCTGCCAATTGCTTAAGCAAGATCGGACGGTTAATGTGTTTTACA
3825,AACCGTTCTGATTGTTGTATGCATGTTTTTTTTATGCTTTCCTTAAGAACA
3826,ACGTTGTCTGCGACCCACCGCTTTTTATACATGGACGTTTAACTATGAAAC
3827,TTTGACGACTCAATGAATATGTACTACTTAGGCCTTCAGGCTGCTAAAGGA
3828,CTGTTCATCTCATTGTGGATGGGCCCGCGTATGATTGCTCATTTGCAAAAA
3829,GTGTTGCTGGATGGATTTCTTTCTTATGCTGCTGCGCTCGCAGCCTGCCAT
3830,TGCGTCCGTGGAACGATCCGGAAATGGACATCGAGCGTAAGATGAACCATG
3831,CTTTCTTATCGCGACCCTGAAACCACGCTAAGGAGTGCAACATGACGACTT
3832,TACTGCCTGACGCGACCGACTGGCAGGTGTATGAAGCCGGTTCGGTGTTTA
3833,AGGTTTAAAAGGCATTTCCGGTCTCCTGTCAGAACTTATAACCACGATGCG
3834,GGGGCATTTATCATGGCTTCACTGGATAACGGCATGAGTATGATGGATGTA
3835,TGACCTTGTCTTGGTTAACTCAATGTTAAATTGATGTAACATAATCACTTA
3836,TGTGAATGTGTTGGTTGACATTCATATGAAAAAAATCATAATTCCATCATG
3837,GCGGGTTAACGTCATCCGTCGCCGGAAAACGTTGTAGTGTCAGTGAACGGA
3838,CCTATGAAGCCGACAACCATAAGTCTAACAAATGTTAAGCCATTTTCCTGC
3839,TCCGGGCGTAACAGCACACGTAGTTGATGTTGCCAAAATGATTCGCGTCTA
3840,TAGGCGGCAATGTTGTACAACGTAGCCGCATGCAGCCAGTGACGACCACTA
3841,AAATATCAAACATTTTTGACCTTAATCATGTTTTTTGATAGATATTTTACG
3842,ACGGAGAAACAGTTGCGGTCAACTATGGCGGCGGCAGGCGGAGCGCTAAAC
3843,TTTACTAGCAATACGCTTGCGTTCGGTGGTTAAGTATGTATAATGCGCGGG
3844,CGTCGAACTTATAGTGATCTGCCAGCGATTTCAGCATCTGGAAATAATAGA
3845,AGTCGATGGTGGGGATCTCTACCGATGTGATGATCGTTAACTGTGGCAGTA
3846,AAGCCGAATTATTGATACCAAGAAAATTAACTCACGCGTGCTGACTCTGGA
3847,GGGCGGTATTCACAACTGGCGGATTGCCGGACAAGGTCTAAGCTTCGAGCA
3848,GGTACGCACCAACAGCGGCTGCCCGAACATATTTTCCAGTTGCTTAATGCG
3849,ATGATCATCATTGCTTCCCATCGACCGGATATCACCACTTATCTGCTCGGT
3850,TTTAGAGTGCAGCTGACGGAAGTTTTTCAGTTCTTCCATCGGCAGATCGTA
3851,GTATCCATACGGTGATGGTATAAAGCGAAATGTTCATTGCAATTAAAACAG
3852,TCATTGGCCATTGTGGCGGTGTCTGATTCATCTCTTCTATCATCACCGACT
3853,GCGCCAGGCGCGCGCGAGTGCTGATTTTCTCGACGGTCTATACTTAAGAGA
3854,CCGTTACTGGAAAGTTATGAAATCTGCCCAATACCGGAAGTGGTGCTGGCA
3855,ATATAGCCGCCTGTGTTGTAATGACAACGTTTCGCGGCTATTCTTGAGTGG
3856,CAGCAACGCCAAGAATTTGCGGGTTAACAAAAACGATGTAAACCATCGTCA
3857,AGCCCTGGCGCGGCGCAGTTAATTGCTCGCCTGCTGGACTCACTGGGCAAC
3858,TCATGGTACTCCTCGGCTTGATGCACCGATCGTGACGCAAAATTCACTTTG
3859,GCACATCCTGAGCTGGGCAATAACGCACAGCTGGCGGCGTTACTGGGGATC
3860,TGAGGCTGGTCATGGCGCTCATAAATCTGGTATACTTACCTTTACACATTG
3861,TGAGATAAAGGATCGATGCTTTCGCTGCTTTTACCCTCTACCATTAGGCTA
3862,GAGTGAAATCCATACAGGGGGCAAATCAAAAAAAGTCTATATTTCACTTTG
3863,TGCGCTGGTTGAAGTGTTACGCGAAAAACTGACTATTTCCCGCTACGACTA
3864,GAACCCTTTAATGGCCGCTCCAAGGTCTCCGCCCAGCGTACGTAACTTCTA
3865,TTCGTAACTCATGTCCGCTGTTGCGATGACTTCGTGTTAATCTTAACGTTA
3866,ATATCCCGCTGGATATCGTCTATGAAGATGAAGACATTATTATCATTAATA
3867,ATCGAAACTAATTTAAACAAAAAGAGTCTGAAAATAGATGATAATAGGGCG
3868,TCCCGTTACTGATTGATGCTGCGGTAAATGACAATACTATTCTTGGTTCTG
3869,ACTGTTAGCTATAATGGCGAAAAGCGATGCTGAAAGGTGTCAGCTTTGCAC
3870,AGTTTCTATTTATTTGGTGAATGGTATTAAGCTGCAAGGGCAAATCGAGTC
3871,CGGTGACAATAACCAACGCACCAGTCAGTGCGTAGGAGAGAAAGCTAATCC
3872,AAAAGCGGTCATGCAGGCGATGCTCACCACCCTGCCAGAACTCAATCTGTA
3873,CATTCCTTTGCCAGATGAGTATAAAGTTGTACGCCAGTATGGGCCGTTCAA
3874,AGCTGAGCACCTTAGGTAGGGTATAGCCGAAGGTATTGGTTATGAGCTTCA
3875,TTTCCCACTAACTGCGCGCTGTTCCAGGTTTTGTAGCTAAACTGATCTTTA
3876,ATGCCGTGCGCGGCACCTTTGATCATCAATGTCTGATTTTACGTGCGGCGC
3877,CGGTTCAGCTTCGCGCAGTAAATCAAGCAGATCATAAGCGCTGATAGCGCA
3878,TAGCGCAGAATAAATTGATAACAAATGCTGATATTGGAAATATCTGATTTG
3879,CGTTCCCGCATCCAGATAGATACAACTTCCCGGCTGAACAAGACTTGCCGC
3880,TATTCTTTGGTGTTATGGCGAGAATCGCGAACCCGGATTATTGTCAAAATA
3881,TCCCGGGCAGATGGGTTACTGAGCAGCGCCAGTAACAAGTGCTCGACGGTC
3882,GGAGCTTTCCCGTACCTTCGCTCACGTCGATCCGGTGAAAGAGCCGATTCG
3883,CAGGCGCGGCGGGAAGTGATTATCGCCAACGCCTACTTCTTCCCCGGCTAA
3884,GCCCTGCAAATTGTACGCGGCAATGAAAGCATCTATCTGCTGATGCGTTAA
3885,GCTGACTCGTGAATCTTTCCATCTTATGGTACTGGATTTAATGTTACCTGG
3886,TTGCGCACAAGCCGTGACAAACCTCGTCTTTTTGCAGTAAAAAATTGTCCA
3887,GTATAATTGCGGCCTTTTTCGGCAATCTGCCGTTTTTTGGCGCTTTTGCCC
3888,TCCGGCGGGCGGTTTTGCCGATAAGGGCAAATCGCACCACACCACAACTTG
3889,ATTTTTTAACCCTTTGCGCCAGCCGCTGCGATGAGGTGTATGATTAGTCTG
3890,AGCACGCCGCGCGCGCCAGACAGGTCGATATCTTCCAGCAGCGGAGAAGAG
3891,TACCGCGTCGATGGGCTGGACAGCGAATTATTGAACGATTTTATCAACGAA
3892,GTATCATTCACCACTGATTTCATAAAAACTCCTGATTGTTAAGGGGGATAC
3893,GTGCTGGTTACACACTCATCTAAAAACTCTATTGAAAACCACTTTGATACC
3894,CCCTTTATTTTTCGTGCAAAGGAAAACGTTTCCGCTTATCCTTTGTGTCCG
3895,TTTCCTAATTAATCCCTCAGGAATCCTCACCTTAAGCTATGATTATCTAGG
3896,TGAAATCGGCTTGCTATTTTTCATTCTTCCTGGAGCAGTCGCCAGCTTCTT
3897,CGCTGGCACGCAAAGGCGTTATTGAAATTGTTTCCGGCGCATCACGCGGGA
3898,CGGAAAGCAAAGTTCTGGTAGAGAAAGCAGTCTCTATGGCTCGCCCCTACA
3899,AACCTTCCTGCTATCCAAATAGTGTCATATCATCATATTAATTGTTCTTTT
3900,GTCTGGCCCCATCATCAGCAGCCCTTTTTCGTGGGCCAGTTGCTTGAGCGT
3901,CGGAAGTTTATCACTTGTGCGTTATAACGGACAAATGCTACGGTGCCTGTA
3902,CTGCGTCCGTCCGTTGCTTACCTGCAATCTAAAGGTAAGGATCTTGGAGTA
3903,ATCCTCGGATCCACAGGACGATATTTACTGATCTATGCGCTGATTGTTGCA
3904,TTTTCCCCACGCGATCAAACAGTTGCACGCCAAGCTGCCCTTCCAGGTCGC
3905,GCAGCCTGATGTTTGACGAGTATTTAACTTGTTATGAATAACATAGAATAG
3906,CCACTTCCCCTCGCCGTTGGCAATGTTATGATGGCGGGAATTTTTACCAAA
3907,CTGGGAGAAGTGTTAATCGTCAAGTTTGATTTCAAAAGTGATATTGCCTGG
3908,GCCCGTAATATCAGGGAATGACCCCACATAAAATGTGGCATAAAAGATGCA
3909,GCGCACTTGAATCGCGGGATCGCATTATATTACGGCGGTCGTGACAAGTTA
3910,CCCTTAATCAATGCAGCAACAGCAGCCGCTTAATTTGCCTTTAAGGAACCG
3911,CAGCGGCGAAACACTTTATCGCGCAAGGCAATGGCGGCAAGATTATCAATA
3912,ATTGGTTCCCTTGCAAAACCAGCGACTTATCTGACGGCCTTAAGCCAGCCG
3913,CGTCACATTCTGACCAAAAAAGCGACCAAACGTAAACGTCACCTGCGTCCG
3914,GTGAATGTGGGCTTTGTCACGAGCACACAGACGGTCTTATACTGTATGATA
3915,AAATATCATAAACTTGCAAAGGCATCATTTGCCAAGTAAATAAATATGCTG
3916,TGCGAGTGTTTTATAAAAATCAGAACTGTTTTTTATTATAATTTCGCACCA
3917,AATGAGATTCAGATCACATATAAAGCCACAACGGGTTCGTAAACTGTTATC
3918,GTGTAGTGAGTAACAGCTTGCACGGATCAACAAAATACTGATCCGCGGCAT
3919,CTATACATTTGAGCCACATTACTTCATGCGAGTGAATGACTTTAATAGTAT
3920,AAGCGGCAACTCAATAAAGTTGCCGCTTTACGGGGAAATTAGAACATTACT
3921,GGGTACTGCTGATATCCTCGTTCCGCGCAACACGCTGCTGCACGAACAGTT
3922,CCCGCGACCGGCGCACGCGGCGAGCCGTTAGGAAATGCCTGCAATGGCAGG
3923,TGTTGATTACGTTATTACGCTGGGGAACGCCAGAATCACCACGCTGGCTAG
3924,ACTTTATCAGGTGCCGTATTCATGGGATTGGGTTATTGGTATGCTACGCCG
3925,TGATGTGCTCTAACCAACTGAGCTACGTAGCCATCTTTTTTTTCGCGATAT
3926,TTGGAACACGATGTTGCACAGGCTGTGGTGTTAGGCCTGAAAATAGTAAAA
3927,GGGCATCATTTGATGCCCTTTTTGCACGCTTTCGTACCAGAACCTGGCTCA
3928,CATGTACATGACGCGCGGCTTGCGGTAAATTGTTGGCAAATTTTCCGGCGT
3929,AAGCTGCGCCGGGAAGTTGAAGAACTGCGGCAGGCCAGCGAGACAGATCTA
3930,AGCCCAGCTAAGTAGCGAATTGCAGGATGAACATCCTGAACAGCCATCCAT
3931,AGCCGCTTAATTTGCCTTTAAGGAACCGGAGGAATCATGACCAAGTCAGAA
3932,TTCTGCACTTCGTTTTAACTTAAGCCGGGCCGTAGCAATTGATATGGAAAG
3933,ATCGCCCAGGTTCATACCGCGCGATTGAAATCGAATGGTAAAGAGGTGGTG
3934,GGTGCTCGTTAATATCTTCCAGCACCAGAATACCGTTCTCAATTTTTGGCA
3935,TGCATTTCTTGGAGAAGGTCAGGAAGCTTCTAACGGTATATATCCCGTTAG
3936,AAAAGCACATGACATAAACAACATAAGCACAATCGTATTAATATATAAGGG
3937,AACCTGTGGGATCTCTTTCGCTTCTTCTGGCGGCAGGTCATACAGGTTTTT
3938,AAACGCTCCAGAGGGTTAACATTCTTCGCGCCACATTGTAGCATCGCGGTA
3939,CTGAACACTGAACGCTATACAGCTGGTCAATCCGATGATAAATCTGGAAAA
3940,TAAACTAAAATTGGCGGCCGCGCATTCCCGGCGCGGGGTAATACGGAGATA
3941,TTCCTTAAGCCTGCTTGCCTACGTCAAATAATCCCTGATACCTTTTTGTAG
3942,AAGTCTGGGCGACCGCAGCGAAAATGCTGACTATCAGTATAATAAAAAGCG
3943,CGATGGTGCCGCCAGGTGCGGCGAATACTGAAATGGTGGGGGAATAAGCCA
3944,GTGGCTTTCTTAACCATTTTCTGCACCTGCATCATCACAATACCGCCGTTT
3945,CCGCTTTTTGATGCTTGACTCTAAGCCTTAAAGAAAGTTTTATACGACACG
3946,TCTGGCGACGAAACCGCGTTGGTTAGTGTTCAACAAGATCGATCTGCTGGC
3947,TCAAATGCAAATGACATTCGATAACGGTGCACCCGATCTCAATATCAAGCG
3948,CGATCGCGATGGACGACGGTCTGCGTTTCGCAATCCGTGAAGGCGGCCGTA
3949,CATCGACGGGTCGTTGATAAACGTACATCCATGCACTCCCGTACGGCGTCA
3950,CGGTACCATTGGTATTCAATGGTCGCGCTGGTATCTGGCGCATCCGAAAGG
3951,TCTCCATATCCTGCAAGAACGGCGTCCATTGCGGTTTCAGGTTTTGCTGTG
3952,GCGTTCGTTTTCCGTCACAATAAGACTTTTGCCAGGACATTGTTATGCAGC
3953,GACCACCCTGGTGCGAAATTATAATAAAAAACAGTTCTGATTTTTATAAAA
3954,TCACGCTGAAAATCAAAGAGATCGACTACGATCAGTGGCATACAGGAGAGA
3955,GACCGGTTATCTCACTGGCATGGGGTATATTTTTCTGCCAAAGTTTACCCA
3956,CAAGCAAGGCAGGTTTGCAAGCAGGCGACAGGATCGTTAAAGTCGATGGTC
3957,ATGGTCTGGACGCTGTTTCACTACGGCTTAACCGGCTGGTCGATGTATGCG
3958,CTTATCATAAAACGAAGACAGATGCCGATCTCGCTGCTATACTCTGCGCCG
3959,AACTGCACCACTATTGCGACGAATAATAAATTTGTGGTACTGAAAGCGGTG
3960,GGTAATAACGCCCTTCGCTACGCCAGTTGCCAAACGCAGAAATAGCGGCAG
3961,TCTGTGCCTGCATCATCGCGAAGTGCAAACTGGTACGCAGACTACGGATGG
3962,TGGCCTATATGCGTGGTCGTACGCTGAACGACGCGTTTATCATTCTCGATG
3963,AAGGGCTGATTGGTTACGTTCGCGAGCGTAACTACAAAGGCATGACGCTGA
3964,GCCGCCTGAAAGCGGCGGCAAAACTTGCATCGCTGTGCCAGACTGGTTATA
3965,ACGTGCCGGCCTGAACGAGATCAACCTGCCGGAACTGCAGGCGGGCTCTTC
3966,TTGTGAGCTACGTCTGGACAGTAACTTGTTACAACCTGTAGCATCCACTTG
3967,TAACAAAAACGATGTAAACCATCGTCAGGAAGGTGGTAAAACCGGCGATCA
3968,TTGTCGAGATGACACAAGAATCACTTCAGCCAAGCCGCTATATTCTTACTG
3969,GCCCCATCAGCGGGTCGGTGACGGCGTCGAGCACGCGGGAGACCAAAAACC
3970,TCGTACACATCTGATTTCACTGTGAGCTGGAATGAACTTATAATGCGCTTC
3971,GGCGTCAACGCTCATGTCATCTTCAACACCGCCCAGGCGGCCCAGTTCTGG
3972,TGGTCTGCTTCGTGCTCGAACAAAATGGCTTTCAGCCGGTCGAAGCGGAAG
3973,ACATCCAGGAAGAGTGGGTGAAAGAGGTTAAATGCGTCGGCGTGACTGCGC
3974,CATGCAGCTGTACGCCTGGCTGCGCAAGTTGGAACATTGTTGGTATGGGTA
3975,CGCTGTATCTCCTCTGTTCTCCTCAGGAAAATCATAGTAGCATCGCGCCTG
3976,GATGCCTTTGTAGCGGTTTTCCAGTTCCACGCCGAGGCCGACGCTGTCGCA
3977,TTCTTATTTTTCAACTTGCACCAACATTCGATTAACCCCAGACTAACGCCT
3978,TCCGTTAGTTCAGCAATACTGACAATGCCTTTTTCAGCTACCATCTCAAGG
3979,ATCCCACGCCTCTCCCTCGACGGAGATTAAAACTTTTCCGGTAAGCCCGTC
3980,GCCACCAGCGTAAAACAACTGGCTGACGCTGGCGTGCGGGTAGGCGATACT
3981,TCAGTCTCGCCTGGCGTTCGCTTGCCGATCATCAAAGTGCCGCCGCTAACC
3982,AGCGTAACTGTTTTTGAGCGAGCATCAGAGGTAAAGATAATCTTCTTGATA
3983,CTAACGTACGTGAGCTGGAAGGGGCGCTGAACCGCGTCATTGCCAATGCCT
3984,GCTCAAGATCATTCCCATCATGGGTTAAGATTAATGTTAATTCTTATTACA
3985,TTGGTTAACTGTTCGTGGCGCGCTTCCATATCTTCTTTATGCTTGCGACCG
3986,GCACATCGATATACCTGACAATGGCGGCGGTGTTTATCGCCCAGGCCACTA
3987,CCGCGAAATGAGTGCTGTCTCGGGCAGCAAAGTTAAGTAGAATCCGCGGCG
3988,GACGTATATCCGAGATATTCGGGTTGTGGCAAGGCGGCAACTGAGTGAGTC
3989,GTAACATTAACCAACTAAAGGTTGACTTTATTTCACCGGATACGCTTTCGT
3990,AGCTGGAAGCGATAGCGGAACCGCAGCCGTAAGTTTTAAAACGCGCGTCTT
3991,CGTACAGACTCCTGGTCGCCCCTGATGGGCAAAACATCTATGATACACGCA
3992,TGTTCAATCAAAACCCTTTCCGGCATTGTCCATAGCTATACTGATGGCTTA
3993,CGGTGTAAGACAGTTTACGTTCGATAGCCCCTTCGCTCTCCGCCAGCTCTG
3994,GCCATATAGCAGAAGCGCAAGCGAAAGGTGAGTTTGATAACCTGGCAGGTA
3995,CGAATGTAAGAAAGTTGGCGTAAATCAGGTAGTTGGCGTAAACTTATTTGA
3996,ATAGCGAACTGTATTTTTCTTTCTGCGAGTTAACGCGTTGCCTTTTTGGGT
3997,TACACACGGAGGTAAACACTAATGTTTACTTTGTTGATATACTCAGCGGCA
3998,GGCGTCAAACTGACTCTGCGTGACGCTGCCGTCCGCGTGTTCCTTTTTCAG
3999,GGTTTGATCGCCAGTTCATCCCTGGCCCACGGGCTGATACGCGCCCACAGG
4000,ATACGGTGGCGATGTGTCGGGCAGAGTATGAGTGATGATACACTGACCGCC
4001,GAGCAGGCGGCAAACCGTCTGACCGACGCGATGCAGGGTCTGGACGAACGC
4002,TGATGATAAATGGCATAAAAAATCGTAAAACCGGTCGCTTAGTTAAAGCTA
4003,GCCAGTGAATGGTAAAAGCGGTACGGCAATGCTGGTCGATGACTACGGCCC
4004,TGGGTGGATATGATTTTTACACTGATGCGGTTGTTGATACACACTGGCGTT
4005,ATCGTGAGTTAAGGTTGAAAGAGCAGGTTTAACTCGACCATACTCTATACT
4006,CATCGGTGGTATCAAACAAGCGACCTTTGAAGAGATGATTGCTCGCCGTCC
4007,TAAATAGCGAGTTAACTTGAAGCAATTTATTTAAAAATGAATTATTAATTA
4008,AAACTGCGTCGTGAACTGGACGCGCAACCAACTGGTTTCCTCGACAGCCGA
4009,CTAAAAACAGTTGGCAGCGCTGATTTTTCTATGACAGCTCTTGCCAGCGAT
4010,CCTGCGTGGGTAGCACCTGGTGCCGCTACGGCGTTGGCGACAGCGTCGGCC
4011,GATCTTCTTTTAAATGCACAGGAGACACCAGCGTTGCGTGGGTATAGGCAT
4012,TGATGCTGGAACAAATGGGCATTGCCGCGAAGCAAGCCTCGTATAAATTAG
4013,GATGTTGCTTCGCATTTGGAAACGCCCGTTGATCTGATATTGTTCCATGCG
4014,CGCAGGAAAGCCACTGGAATTCTCCCGTTAGGGATTGTTATATTATAACAG
4015,GCGCAGAAAAAAATGCCTGATGCGACGCTGCGCGTCTTATACTCCCACATA
4016,GCAAAACCAGACAGTTCCGCAAACCGCCGGCGAACAGGCCGTGCTGGCGCA
4017,TATCCATACAAACAGATGAAGATTGCAGCCGTAACGTCTATAATCAGCGCC
4018,GCATATCGCCAAGTGAGGCCGCGATGAAACTTTCACTCTCACCTCCCCCTC
4019,CGCACTGCGTGTAAAAAATGCCTCTTTCTTATGCGGGATATCATCATTTCA
4020,ACGCCGTATCGTTATGGTGGCATGACGCGGCGCGGTGTGGACTGTTCGGGA
4021,ACGAGAAAATGTTGAGGGTACCATAATGTATCCAGTGATATTTTTTTTACG
4022,GTATTCTCAGAAAGGCGATCGCGCCAATGCAGTGGCGAATCTGGAAAAAGT
4023,AAGAATTTTTCCCTGTTCGCCCCAGAAGGTATCAGGTACGTTAATAGATTG
4024,CAGCAAAGTCCATTTCGAAGCCGCGACGACACATAATGCGCATCACCACGA
4025,GCTTCAGTACTGAGCGGAGTTTCTTACAGCTGTAGGCAGAAGTTTATATCA
4026,TTTGGCTTGTGGGTTCGTCTTAACAGGCGGCCGTGGAGGTGATACGAAATA
4027,GTTGTGATCAAGCCTGCACAAAATTCCACCGTTGCTGTTGCGTCGCAACCT
4028,TGTTGGTTTCATGGCTTACGCCACTTTGATTAAGCCGGACAACACTGATCC
4029,GACCGCCCACACTTAGTCAAACTGGTCGAAAACCTGTTTAGCCGCGAAAGT
4030,TGACGAAGTTGCGTGTTGAAGGCACTATAACACGATGCTAGTATTTGGCAA
4031,TTTGCACAAATCCATTGACAAAAGAAGGCTAAAAGGGCATATTCCTCGGCC
4032,ATAGAAACCATTCTCATTATCATTGTGTTGTTGATTATTTAATCTCTCCTT
4033,TGCAGGGTGATCTTCTTGCCTTGTGCCGGAACAACTACTTTACTTTCCATT
4034,TGTACTCGCTCGATGAACTGGTGAGGGGGAACGATATCCTCTTTAGCGCTG
4035,CGGTACCACCGGAAAGCTCCAGCGCGGTTTCAAATGACTCGGCAAGACGTT
4036,GTGGCGCAGAAAAAAGCAAATGGCACATCTGTTTGGGTATAATCGCGCCCA
4037,TCGTTGGCGAATTTTACGACTCTGACAGGAGGTGGCAATGCTGGTTGCCGC
4038,CCGGATGCTGCCATACTGGTGCATCCAGAATCACCACAAGCTATTGTCGAT
4039,ATGATTTATGTCAAATATTAGGAATGTTTTCAATTAATAGTATTGGTTGCG
4040,TGGCTGGTGCGCTTCAGGATGCGATCTGCACGACCTTTTGCACGCGGCATA
4041,TCCTCATCCGCTATGCTACAGGCACTAAAAATGGTTATTGAGGAGCAAATA
4042,CCTGCACACGTTTGTTGAAAGCAAGAAAGCTTTCTTCATCAAAAACGTTAT
4043,CTCAAATTGCAGCTAATGGAGTGGCGTTTCGATAGCGCGTGGAAATTTGGT
4044,GAACTAAGCGTTAGTTGCGCCGCGCACGTTTCGCAGGCAAATAGCGTAGAA
4045,ACAGGGTTGGGCGACGCGCTAAAACCGCCACGTCGATGTATGATACGCGGG
4046,AATGCTGCCGTTGCTACCGAGAGTACTAAATAACGCTTTAACATGTTTATA
4047,TTTGTCTTTTTACCTTCCCGTTTCGCTCAAGTTAGTATAAAAAAGCAGGCT
4048,GAAATGACTCCTCGCCAGTGGTGGCTAGCAGTGAGTGAAGCACTGGCCGAA
4049,ACGCGGAATTGCTTCTTTGATGGTGATCTTGATGATGTCGCCTACGCCTGT
4050,GTGCATTTACCGCTTATAAATCCGGTCATGCACTGAATAACAAACTGCTGC
4051,AGCAGAAAATGCAACCTGAGCATACAGTTCACCATCGCGTAAGTTCATCTG
4052,TTACATTCCTGGCTATTGCACAACTGAATTTAAGGCTCTATTATTACCTCA
4053,CTTCGGCATGGCAAAACTGGTTGGCGGCATTTGCTTCTCTCTGGGGCTGAT
4054,ACCCTTCCTGGTTTGCCGCCCTACGTTCGTGGCCCGCGTGCCACTATGTAC
4055,AATGGCAACAAAATCCTCTGTTGTGGTAATGGAACTTCCGCTGCCAATGCA
4056,TCATCTGTCAACTAAATGGCAGGTGAAGGAGGCATAGGTCATACAAATGGA
4057,ATTATATTCATACGGGATATTGCTATTGTTTCTTTTTCCCTGGGATTTGTT
4058,CCAGTACTGCATACAGAATCCAGCGGCGGTAAAGCTCGAACCCAGCGCCAC
4059,TGGCGAGTTTATCGCTGGTGACACATGCTGCGTTGTGTCAGGATATTGACG
4060,TGAACGCTCTTCTTATATCGGCACACAGATGGTGGTCACCTTCGCGCTCGG
4061,TCTGCTTAAAATCCATGCCATTTGTTCATTAACAGCTGAGAATTTGACCCA
4062,AAGCTGCTGCACAGAAAGCATTTAACGAAATGCAACCGATCGTGGACCGTC
4063,TGACATCAAAAGATAATGAACCTAATGAGTTAAGATTAAAACCAACGCCGG
4064,GCTTTGGTGATTTTCTCTGATTTAACTGCCCGCAAAGAAACCCAGCGCCGC
4065,ACGTACACATCAGCCCGTAATCTTTTTTGATTGCCATCACCTTAACGGGTG
4066,CTGATCAAACTGGCTTCTACCTGGCAGGGTATCCGTGCTGCAGAACAGCTA
4067,CTTACCCACAGCACACCATCATCACCGAAGAAAGCGGTGAACTTGAAGGTA
4068,TTAAGTGGTGACAAACCCTCGAAAGAGGTGCTCTTTCATCTGGCGCTGTAG
4069,CGTCACCATATTTAGTGAAGAATCCGGTAATGGCTTCTGCTGCATGATCGC
4070,GATCCAAACTGGATACCCCCTTTATTCATTGAACGCAACGAGCATTTGTCA
4071,TCAACCGGATATCGCATCTGTTCCCTCTCCACGAGAAATTTCCCCATTAGC
4072,AATCCGCTTGGCGGTTTACGTGGCGCGGCGCAGCTGCTCAGCAAAGCGTTA
4073,GTTTATGGTTCCAAAATCGCCTTTTGCTGTATATACTCACAGCATAACTGG
4074,GTCACTGAAGAAGTGGTCGTTAAAAACCATAACGCTGTAGGTAAACGTCTT
4075,TCTTAATGTGATCGGTAGCACGTTTTACGAATTAATTGTATGATGAATCCA
4076,TCGTACCGCTCTGCTCCTCGCTAAGTTGTTCTGTGAGTTATAGTTATAGAG
4077,CCTTTCATGCTTTTCTGGAAAGACCGCGCCCGCTTTTACAGCTACCTGCAT
4078,TATCGTAATTGCCCTTTAAAATTCGGGGCGCCGACCCCATGTGGTCTCAAG
4079,GGAGAGGTTTCCCCCTCCCCCTGGTGTTCTTAGTAAGCCTGGAAGCTAATC
4080,GCCAGTGGAAGGTTTATCAACGTGCGACGCATTCCTGGAAGAATCAAATTA
4081,GCACGTAGTGCAGTGGCGCGTCAGCTGGTGAAACTGGGCGGTCGTCCGGAA
4082,CATGATAGGACGGGTGAGGAATAGAACAGATTTTGGCAAAAATATCCCACA
4083,ACCTACTGAAAAGTATATAATGACACTTAATTAAATATTACCATTACACTA
4084,TTCCGCCATCACTTTATACGGATCGGCAGATAGCCCGGAATGTGCCAGAAA
4085,TATTGCAGATACTCGCGGATATGGTCAGCATCGACGTTAGCAGCGCCTATA
4086,GTTATAGGGCGTTTGTTACTAATTTATTTTAACGGAGTAACATTTAGCTCG
4087,GAGTTTACGATTCAGGCTGCAAACATGCGTCAGGGGGTGTAAAACAACGTA
4088,GGAAGGGCAAATGCCAGCGGAAAACATTGTTGAAGTTCATCATCTTAAGAA
4089,GCGCGGGCCGCTATGTTTCCGACAGCTTCCGCGACTGTTTCGCGCTGGAGC
4090,CATGGAGTTCCGTTATGGGACAATTAAGGTCACACTGTTAAATTGAGAAAG
4091,CCATTCTGCGCTTAAGTCGCGGCGTGTTTGAAGTGCTGGCAACCGGCGGTC
4092,TTCCGTTACTGGCATCACAACCTAATCAATCGGGATGATATCTTTTGGGCG
4093,GCAGGCATTGAACTGAGCGATTTTGTCCGTGGCAATGAAAAAGCGCGTGAG
4094,CATAGTGTGGTAGAATATCAGCTTACTATTGCTTTACGAAAGCGTATCCGG
4095,AACGCCTCTACAGCTTCGAATTCCCGGAATCACCGGGCGCGCTGCTGCGCT
4096,ACCGCAATTATTGCCGTATGCATTCTGTTTATTATTGGAATTATTTTCGCG
4097,GGTGCCATTTCAACCTTCAGGGACAAAACTGAAGTACGTAAACTGATGCAG
4098,CCCGTCCCGTCTATAGTATTTATGAGGGTTTGCTTTTAATAATCATAATTA
4099,TAGCACCGTAATTTTCAGGCGCGAGGGGGCGCGCCAGCATTACTGTTGAAA
4100,GATTGACACAAAATGAGCGATGGCAGCGGAAAAAATGCGACGGCGGCAGTA
4101,GTAAAACACGGGCGTAATTTTGCAGCCCCTGTTCAAGTTCTTCGACCATCT
4102,ATATATACCCAGCTTTTTGGCGGAGGGCGTTGCGCTTCTCCGCCCAACCTA
4103,TGCCACTTTATTGGCGATCCGGTTATGCCGGGATGCCTGGGCCTGGACGCG
4104,CGCTTTCACTAGCGCCTTTTTTATTTACGCGTTTTCAGCGTGCATAATAAG
4105,GATATGCTAAATCCTTACTTCCGCATATTCTCTGAGCGGGTATGCTACCTG
4106,ATGCCGTCAGATGAGTAGACACTAAACAAAAATCGGGCAATACTGCGTGAG
4107,CGCCACAAAGCTTTGACTGACGGAGACGACCGCTTTGACTAATTTGAATTA
4108,TCATCAGGTATTCTACTGATGACTTGTTATGGAAGTGTTAAGGTAAAAAGA
4109,GCTTTATTGGCGGTACATTACTTCATCCGCAAATGTGGCTGGAGTCACGCA
4110,TCTGCTCTGCAGTACGCAGCTTCTGTGGCTGGCCTGATGATCACCACCGAA
4111,AAATCAGCAGTACCCCCGACAAACTCAGGGATTTTGTGTATAATTGCGGCC
4112,GGGGCAATCACGGCGGGCTGCCATCAGCAGTTGAAAGAAACGGTGGAGGCT
4113,TCCAGACGCAATACTGACGCTATTACCATTCATAGCATTTTGGACTGGATC
4114,GGAATGGGTGTGGCGACGCTGGTTTCGCTGATTGCCATCGGCGCAATCGGT
4115,TGCCGGGCGTCACTTCCGGCTGGTACTGACCACGCAGGCGCAGCGGGCAGG
4116,CATCAGTATTGCTGGTTGATGAAAAGCGTGGTGAAGCTAGTATTAATATTA
4117,CAACCGGATTGGCAATGCAAGGCCGCCGACAATTCGTTATCATGCCCGCTA
4118,TAAGGAGATCCCGCAAAGCTATGCGATGGCGATTGCTCGTCAGGAGAGCGT
4119,CGATCTGCTGCATCGCCTGCTGACTTCTCCGGTGCTGTATAATGGCAACCT
4120,CCCTGGCGGTGAAAGCTGCGCGTCGCATTAACCCGGAGATGAAAGTCGGCT
4121,TACATAACAATATACAATTGCTCGTTGAAAGAGTGAGCTAAAATCCCTATA
4122,GCATCAATACGTCCGGCAGTCAGGTCAGAATAAATGTTGTCCTGCCCCTGA
4123,ACCAACTTCGTCCCATTTCAGGTTAGCCGGATCACGTTCAGCGGTAACACC
4124,TTGCGTCCGGGATCAAGGCGTCCCGGACGATTCAGGAGTACAATAGGCAGA
4125,GAAGTTAAGTCTCGCCGCGTTGGTGGTTCTACTTATCAGGTACCAGTTGAA
4126,TGAGAATTTCGAGCACAGCCCGGGACCAAAATGGCAAGTAAAATAGCCTGA
4127,CCTTGGCCAATTATTACTCGACGAGATCGTGACCCGTTATGATGAAAAAAA
4128,GGGAAAAAGCAGCATACGCTGCGGCAAACTTACTGGTGAGCGATTATGTCA
4129,AGAAGATAAAGCTGATGAGCAGTACGATACGGGTCATGCGACTGTTAAATC
4130,TCAATCAGGTAAGAGTCTGGAATTTCACACTGTACCCTTTATACTGCCCTA
4131,TTTGCAAAAAGTGTTGGACAAGTGCGAATGAGAATGATTATTATTGTCTCG
4132,AGTTTACTTAATTTAGAAAATACTTAAATAAATATGACTGAACTCGCGCAA
4133,AGAGAAACTGTTCAAATCGATTATTGATAAATTAAGCCTGGCAGGCAAAAG
4134,AGGAATTTGCTGATATTCCGCCTTCAGAGGGTTTGCTATGATCAGCGGTTA
4135,TACGCTTGCTGAACTGGTCAACGACATCACGCCGGAAAACCTCCACGAGAA
4136,CCCTGTTTCGCGCGTACCGGGTGGAAGACATCTTCCTCCACACCATACGAG
4137,GACTTCCTTCGTGACTTGCCCTAAGCATGTTGTAGTGCGATACTTGTAATG
4138,ACGCAATCGGCGTGGCTGAACCGACCTCCATCATGGTAGAAACTTTCGGTA
4139,CGCTCAAATGGTATGCTGGTTTATTTCATGTAAAAGAATAAAATATCTGTA
4140,GGTTGGTGCGCTGTATATTACCTTTATCTGCCTGATCCCGGAGTTCATGCG
4141,TTTTTTCAGCACTAGATTTTCTTCCTCTCCAGCAGTGGTAGAATAGCGCCT
4142,CTATACTAAAACAACATTTTGAATCTGTTAGCCATTTTGAGGATAAAAAGA
4143,TGTCATACTTTGTTACCTGCAAAGGGGAGTAACTTCATTGCCGGTCGATCG
4144,GTACTGTCAACGCTCATTTTGAGCTTTGCCCTCGTGAACATACTCAACGAA
4145,ATCTGTACCGTGCCAATTATGGCTCGCTGGAAAAAGCTGGTATTGTGGCAA
4146,AACGGTTATTCACTCCGCGTGGTGGATGACCGTGACTCTACCGAAACACCC
4147,CAGGCGCGGCGCTTTCTTGAAATCCGCTGGTTAAGCGCACCGGCGTCGCTG
4148,CGCACGCAGACCTTTCTGATCCATGCTGACGAACCACTGCGGCGTCGCGCG
4149,GCCTGGAGCACGAATGCTTTGCCACCGGCTTGCGTTATTAAGTTCATCACT
4150,CATTCGTCGCTTCCAGTCATTTGCTGAAATTAGCACTGAACCCGGTCCTCA
4151,TTATTACATCGGCGCGTGTAATACCGGTGCGGGCGCGGCATTGTCGATTGT
4152,GTCACAGCGAAGCACGTTTACAGACGTTGCAGGCCGATTTCGTGCGCTGGT
4153,GCGCCCGTCGCCCGACGCTGCTTGCTCCGCTGTGGTGCGAAAATCGATGGA
4154,TGGTCTCGCCACGTTTGACAACCAGCTCAACTCCGGTGAGGATGGAGAGTT
4155,CGTTCATCACAAAACGCTTGTGTAAAAAAGCAACAAGGCGGCGATTTTCGG
4156,GAAGCGAGACACCAGGAGACACAAAGCGAAAGCTATGCTAAAACAGTCAGG
4157,TAAATATGGCGGTGAGGGGGGGATTCGAACCCCCGATACGTTGCCGTATAC
4158,TAGGTGGACATGTTTTTGTTGAAGTAGTAGGTCGCACCAATATCAACGTAA
4159,TGAAAACAGTACGGGTACTGTACTAAAGTCACTTAAGGAAACAAACATGAC
4160,GGCATGTTGGGGCTGGATCGGGTGGTTTAAATATTGGCTATATTCAATGGA
4161,ATGTCCGGCTGGCCACGAATTTACTACAAATTACTGAATTTACCATTAAGT
4162,CCGCACGCTGGAGAACAAGGCTTTAATATCCGGTGCATTCATGCGAATACC
4163,CGCATTCATCTCGCTAACTTCGCTTATTATGGGGATCAGTTTCAGGGTTTC
4164,CATAAAACTCAGGATGTACGTAACGGTCAGGTCGTTGTCGCACGTATTGAA
4165,GCCGTCTTCCGCACTCTCCCCTTCCAGACGATAAAAAATACGGTGATAGCC
4166,GGCGCGAGAGACGTTTTTTCCAGCTCAGGCGATCCTGAAGCCCCAGCGGTG
4167,GAAATTGTTGTACCAGATGCCAATCAGCGCCAGCAGTACAGGCAGGTTTTA
4168,GGATGAGTTGCTGACACGTTTGCAGAAAAGCTGTGATATGACGCAAGTCTC
4169,TTACCGTTTTCAATCAGATATGCTTCTGAAGTGGAGAAAACGAATTTGCCG
4170,CGGTCCGAACCGTGCGGATGAGGAAGAGAATAATCTGCACGAAGAGAAAGA
4171,CTTTAATCTTTTGTTTGCATATTTTTAACACAAAATACACACTTCGACTCA
4172,GCGTCATCTCCCAACGTTGGCTGAATATTTCTCGTCTGCTGGGCTTTGTGC
4173,TGTAGCCTCGTGTCTTGCGAGGATAAGTGCATTATGAATATCTTACATATA
4174,TTACGCAAAATGGCATAGACTCAAGATATTTCTTCCATCATGCAAAAAAAA
4175,AAATTCGTGCCGAAATTGCGCGTTCTGCGCGGAACACGTATACTTTCAGTG
4176,GTTACCTAATATCGATGAGTCCCGATACAGATTCGTCGTATCATAGACTGA
4177,GACGCTGTCGCGTCTTATCAGGCCTACAAACCGTTACCGACTCGCATCGGA
4178,AGATTTATCTCGCAATTTATTGCGCTTCATCGGCTTTGCTTTTCCATTAGC
4179,CTGTCAGCTAATTGATTGACATCATTCTGGATATCCTGCACGCCATCATCA
4180,GGTAATCACGGCGACGATAATGGCAATCAGCACCGCAGCGGATCCCATATA
4181,CCAACTGCCTGGCTCCGCTGGCTAAAGTTATCAACGATAACTTCGGCATCA
4182,TGACCGTCATTCTGTTGAGCGCGCTACCGTTCAGGCGATACAATGGCTGAC
4183,TGCGTCCCTGCACCCCGCGCGGTATCGTCACGCTGCTTGAGCGTTACAACA
4184,ACACGCGATAACGGTTCCATAAAGTGAATAAACTTACCGCCAAGAGATAAC
4185,CGTTTTTCCATCAGCAAAATCAAATTACGCATCCGCATCAGCGTCAGCGTG
4186,ATAAAACTGCCCTCATCGACGATTATCTGTCAGCCAGACACTCCGCAAGCG
4187,ATACTCGGTTTAACCTGCCGTTTAATCCGTTTTCACGTAGAATAATGCGCG
4188,CGGACTGTGCTGTAACAAAATCCACTCTCGTGTTAATTTTGTGAATAAATA
4189,AGTACAGGTAGAACGCTTGTCTCTACAAATCCTTGCAGTACCATATTTACC
4190,GGATAGCAGAAAGTCATGGGAAATTCTGTGGTATCCGCTCATGTTTCGCGC
4191,GTGCTGAATTCACTATCGGCGAAGGTGAGTTGATGGCTCATGATGTCCCTC
4192,ATCATTCTTACTCCCTTTGAATTACCCGCCTCATCAGAGATAATGCTTAAG
4193,AACGTCAACCCCAGTATCATTGTTGCGCCGGAACCAAAACCGAAAAGCAGA
4194,TGTGCGTTAGCTCGTGTTTTTACACCGCATTCTTGCGCTAACCTTATGATC
4195,TTCACTCGATAAAGTGATCGAGACGATGTATGAAACCGGCAAAGATATGAA
4196,TATACTTTACACATAAGGAAGAGGGGTATTCCCTGTTACAACCCAGAAAGT
4197,CCTACCATCTCCTGCAGCGAATCAAATCCCTGATCGGCGAGATAATGCGAC
4198,TCTTATCAGGCCGCCTCTCATCTGTATAAATTTCGAACTACACTTAACTGG
4199,CCAGCGCTTCAACGCTGATGCCAGTTTCTGGATCGGTTGGGATTTCAATCA
4200,TTATTTCGATATTAGAAGCAGGAATCGCCAAAATTGAATCCGGTGATTTCC
4201,ACGCCACCTGTTCGACCAGTTTTGGTAGCGAAAGTTGGCTCACCTGTGCCC
4202,AACAATTGATGATTTTGCCAACAGCCCACATAGCGCGATATACTGAAAATT
4203,AGCGGCGCACCAGTTACAATCAAACCGTCAAAGTTCTGATCCTGAATATCT
4204,AGAAAAACTTGCGCAGGCGCGCGAGTCCATTATTGCGGATAATAATATTCA
4205,CCTTTTAGGGGCAATTTAAAAGTTGGCACAGATTTCGCTTTATCTTTTTTA
4206,GGCGATCTGCTGGAAGGCATTAGCCGCAAAGGCAATATCGCGACTACCGAA
4207,TGACAGACAGCGAATCGATCTGCTGAACCGGTTGATCGACGCACGCGTTGA
4208,GGCTGTGTCTTCAAATAGACGAACGTGAACATAAAACTGGTTCATTAAGTT
4209,CCCGGTGAGCACCGAGGGCTGAGATATAGCTGGTAAACGTATGGTTAAGGC
4210,GTAACCGCTCAAGGCTTGAACAACATCGCGCTTATCGTTAAGGTAAGCGCG
4211,AAAAATTTTTCACTAATTGATTAGTCATAGCCAGCGATATACGCTATGCGA
4212,TACGTCTCTCTTTCACTTTGTAATGAGATACTGATATGAGCAACATTACCT
4213,TATTATTGGCATCGTATTTCAGACCTGTTGCCCATGCTTCTGCACGCTTGC
4214,GATTTGCCGCCGAAACAAATAATGTGGAAGAATACGCCCGGCAAAAACGTA
4215,GTGATGTACGAAGCGCGGCAGGCTGTTGTCGACCAGGCTAAACTGGAGGAG
4216,ACGGCAGCGCCATCGCTTCTTCATGCAGCTTCGGCAGCATGTAGCTTAAGG
4217,CCGTTAACCAAGCGCTTTTACTGACGTTAAGATCAAACTTCACCTCAATGC
4218,CGGCGTAGCCCTGCGTGAAGTTTTCCTTGATAGCAAACTGGTGTTCAGCAG
4219,AGTTCGTGGCTTTGGTGAAGCGGAATACTGGTTCTCACTGATCAAAGTCAG
4220,TGCTGAACCTTGAGCGCCTGATGTACATCAAGTCTTTCATCGACAAACTGG
4221,AGCGCAAAAAAAATAATATTTCCTCATTTTCCACAGTGAAGTGATTAACTA
4222,CCAGACATAACGTTCTACGCTTCTGTGCGTTTTTAATTTATGCTTTCATAG
4223,TGTTCCAGCGGTTCAGGCGATCCAGAGACGCTTCAACATCAGACTCGCTGG
4224,GAGTTTCAGTTTCGCGTGTGGCCCCCACGGACCATCACAGCCGCGACCTTC
4225,TCCGCTTCTACCCAGTCGGCAGCGACAACTTGCGTTAAAGTCGCAAAATTA
4226,TCAGCAAACTGGCGCGTTTAAGCGGCGTGCCTGAAGGTGACGTTCCGGGGC
4227,CCGAAAGCGGCGCGAAAGGACTTAGCTGAACAGAGAGTAGAAGATTGCGGC
4228,ACCCTCTTCACATTTCGGGCAAATAATTCGCGAAGATAATTAAGAACTCAC
4229,CGAGTCTCCTGCATGTTAAAGCGCGTGTTCCTCAGCCTGTTAGTCCTGATC
4230,ATGCTGACGACTGTTCAGCTGCAAACCCAGGCAAAAGCGCCGAATGTACCA
4231,CCTTTTCGTTGGGTAATTATCAAGCTGGTATGATGAGTTAATATTATGTTA
4232,AAAAGATACTCAGCAATAAACCAATAAGGACGGTCGGTGCCAGGATCAGAA
4233,GTGTTCCTGGGCACGTTGAAGTTGCCCGCGCTTGCAGTACAGTAAATACCA
4234,CATCAGAAATGGTCACCATCAACTTCTTTATCATTGATTAAAATTAAATCA
4235,CTGCGGTCAATTGTGGGACATCGCCTATAATTTGCATTATCATACCTGTCA
4236,GTCAGGCAGTTTTGGCGAAAGGGCGGTGGCCTTGCTGTCGATCCGGGTCAA
4237,TAATAAAACAGCCACATTTGACTTCAGCGCCTGTTCTTTAGAATGGCAAAA
4238,TGCTGATATTATTCGTTTATGTCTTCGTAAATATTGGTATGGTAAGCGGTA
4239,GCCAGCGGCATGGAAGCGCCAGCAGCTGTTGAATGGAGTACTGTAGGCAAA
4240,TAGCGCTGGAATGCAATATCGGCAGAATACAAACTCAGTGATGGTATTTCA
4241,GCATCACTGCTGTGTGTTGACTCCCACGAGATGATCAATATAGTGAAAATG
4242,CTTGCGATCTTACTACGTATCTCTTTTGCGCCGGCCATGAGCTTCTCCTCA
4243,TGCACGAATGGCGAGTAATTGCCAGTTGATCCTGGTATCATCAGAGCTTTG
4244,TGAAAGATGTCAGTAAAATTAACACACATTGTGAATGTCATGTGTCCGGTG
4245,AATTGTAAATTCAACATTCTCAAATGCGTCATGCTGAGCTATGATTAGCCG
4246,ATCCTGATTTTCACGCTCGGTAATTTGCTCGATCCATCCGTACGCCCTTTG
4247,AAATGTACTACCTGCGCTAGCGCAGGCCAGAAGAGGCGCGTTGCCCAAGTA
4248,CGGATGCAGGACGTCATTAGCAACCCAAAACGACTGGATGGAATTCCCGTG
4249,AACATCTATAGCGATAAATGAAACATCTTAAAAGTTTTAGTATCATATTCG
4250,GCTGGGTTTGGCTTTGCATTTTTAGCGTTCGTCTCCTTGCTGGCGGCGTGC
4251,GATGTCCAGATGTATTGACGTCCATTAACACAATGTTTACTCTGGTGCCTG
4252,TATTTTATTATTTCTAATAAAAATAGAAGCAATAAAAAATAATAACAATGA
4253,GGTAACGGAATTTGATGAGAGCGGGAAAAGCGAACCAACGGACTTATTTAC
4254,TTTACCTGTCAGGATCTCCGTTGCTTTATGAGTCATGATTTACTAAAGGCT
4255,TTACGACCTGGAAGTATGGATCCCGGCACAGAACACCTACCGTGAGATCTC
4256,CTACTAATAAAGCATCAGGATTCCTGCTATCCTTGGCGGGAATTGAATACA
4257,TGCGCAGACGCATAAGGCGGTTGGTACTGGTGTTGCGGCGACGGACGAGCA
4258,CGGCTGGGAAATAGACCCCGTCGCATAAATGATTATGATAAGATTTATGCA
4259,TCACCAAAATTATATTTATTTTTTCTGTATTAGTTTTTAATGATAACGAAT
4260,TGACAAGCCAATTACAAATCATTAACAAAAAATTGCTCTAAAGCATCCGTA
4261,GCCTGTTTGCACCGTGGAGCGGCATACCCAGACCGTTGTATGCTTTATTTG
4262,GTCGCATGGTGTGCGACTCTTTATCACGCCAGCTTTCGCGGCACATCGGCT
4263,CCAGATCACGCCATACGATCTACGGCACATGAATCCAACGCTGGATTAATC
4264,ATGAAAATGTTATTTTCCGATGCCGCACTGACCCGCTACAATGTCAGATTA
4265,GACTCAGACGGGTCAAACGTCCAGACGCGCGCCCGGATTTGCGAAGCTGGA
4266,TCGCTGTCATTCTGCTGACCAGGAAACGGGTGAACCTCAATGGCAACAAAA
4267,GTTACTCCGCAGGTCAATGAAGGCGACGCGGTGTTGCTCGAAATAGAGCAA
4268,TATACCTGATGCGTATTTAAATCCACCACAAGAAGCCCCATTTATGAAAAA
4269,TGAAAAATTTTCCATTGTCTCCCCTGTAAAGCTGTGCTTGTATAAATATTG
4270,TCTTCATCGCGACGCGCGCCGTCGCCGCTGAAATACATATTTTTGAAGGTA
4271,CCCTGGCACAGACGATCAATTGTTGATTTTCGAGCGCCTATACTTAACGTT
4272,ACATTCAGCGACTGCACCATGCCGATCATCGGAATGATGATGTCCTGATCC
4273,GTGTTCTGTTGCGTGTTGACGGCAAAATTTTGCTGGCGTAACATGCGCGCA
4274,CCCGTAACTCTGACTTGACTATTACCCAGCATGGCGGCGGTAATGGTGCAG
4275,GCGTCTTGTGGGCTGACAATTGCCCCCGTTTCTTGTCACAATAGGCCTTTG
4276,CGGTCCTGTCGGCACAGGAAGCGGTGAATTATATTCCCGACGAAGCAACAC
4277,GATGGCGGAACAAAGCCTTGAGGCAGGTCATTACAGCCTGGTGGTACTGGA
4278,GTTATCCCTGCGGCTGGTTACTCACCAGCCGCGACATCGTCTCCAGCGAAT
4279,CGTTTTGCCTCTGTCTACCGCAGTTTCGAAGATATCAAAGAATTTGGCGAA
4280,CCCTGCGCCGACAGGCTTGCGTAAAACTCTTTTGGTGATAATGTGAGCCTT
4281,CGCGTCATTCCGGAAGTGTGGCCGAGCGGTTGAAGGCACCGGTCTTGAAAA
4282,ACGCCAAAGGGCAAGCACGATATCGAAGGCAATCGACTGTTTTATCTTATC
4283,AGAATTGATTGGTTTACTGGCTGATTCAGGAATACGGATTAAACTTCCGTG
4284,ATGGACGTCAGTCGCAGACAATTTTTTAAAATCTGCGCGGGCGGTATGGCG
4285,TCGATGTTGACCTTCCTCATCCTGCGGGGGATTAGGCAGGGAGGAGTTGCG
4286,ACCACATCGGCTTCAATTTCGATACCACGCAGGCAAGCTGCTGAGTCGGTC
4287,CTTACTGGCTACCAGCACAAACTCGGACTCGAACAGCGGCTCAACATGTAA
4288,ATTCCCGGAGCACTGAATGTTCCGTGGACGGAACTGGTGCGCGAAGGCGAA
4289,CGGCATTTACCGATGCGACACCAACCACACTTGATGATATACCTGTTACCT
4290,AAATAATCCTTCGCCTTGCGCAAACCAGGTACTGGTATTGTTATTAACGAG
4291,TGCCGAGAAAAACCGGCAGTTTTTTATCGAACAGACGGTTATGCAGCGCCC
4292,GGCAGAAATGAGCATTGAGAGCCAGGGCGCTGGCGATCACAATGAAAAACA
4293,CTGTTCGGTTCTGATGGCAAAGCGGAATAATGATATGGATAATCTCGACGT
4294,TACATTGAGGAAATACTATGCGTGCTTTACCGATCTGTTTAGTAGCACTCA
4295,TGCACTGAAATTGATGGACCTGACCACCCTGAATGACGACGACACCGACGA
4296,TGTTGTTGGTTTCTGCCTGCGCATCAGTTTTCGCTGCCAATAATGAAACCA
4297,GGTAGGCATAATGCGGGAAATCGCCTTTTGTACCGCCGCCGACCCAGCCGG
4298,CCTCGCTCCGGCGGGGTTTTTTGTTATCTGCTTGCCCCCATATTGACTGCA
4299,AACTGTTTCAGGTGCTTTATCGTCAAAAGTTTTGATGACAATATCGCCGTG
4300,CAATCCATAATGAAAAACGTGTTTAAGGCACTCACTGTATTACTTACTCTC
4301,CTCGAGCTAATTTGATTTTTGGAGAATAGACATGTCCCGAGTCTGCCAAGT
4302,GAGACTGAGCGTCGATTCACCTGCAAACGGCGCATTTTTAGAATAATCCTG
4303,AAGACAGGCACATAACAGCTAAGTATTTTCAACCAGAGAGAATCCTTAGCG
4304,CCATTAGCGGGTATACTCATGCCGCATTGTCCTCTTAGTTAAATGGATATA
4305,CAACGGCCTGACGGCAGGTGGTGTGAAAGGTTAAAGATGTTGTTCTGCCAA
4306,CCCACTGCTCCGGCGTGCCTGCGCCGGAGCGTTTATGCTAAACTGCGCGCC
4307,TTTTGTCAGCAATCTAACCCTCTTCTTTTAAAGAGGGTATTGATCACTCTT
4308,TTTTTGTGATGTTCGTTGTCTGGTGTTCTTGATCGAGCCATCCTACAGGCA
4309,CCTTGCTGAAGGACCTGGAACAAGCGCGTGAACTGGGCTATACCGTAGATA
4310,ACGTTACCAGTGATATTCACTGTATTCGCATCGCCAGAAACGTTTATGCCC
4311,AAATCTGGCAGCAAACCGGCGGGCGCATCACTCATTTTGTCTCCAGCATGA
4312,TTATTCTGTTGGCATATCGGCATGGGATGCGTATTAGTGAACTGCTTGATC
4313,CCGTTGGTCTGAACAACGTAGGCAATACGAGTACGGAACGCACCTTTAATC
4314,GTAAAATATCCACAACGTTTATCTGGCACCTTGGGTGCACATACAGAGGAA
4315,CGTGAATTTTGCGCATTGACGGCAGTTATGATTCGCGGTATTGCTTAACTG
4316,ACGCCAAAAATGACATTTTCACTGATCCTGATCGTCTTGCCTTATTGAATA
4317,CTCAGAGGCATCATCATTGAAAAACAACCCCCGCTGGTGTTAATTGAAGTG
4318,ATCACAGCGTGTCGTATTTCATTTACGTCTTTCGAAATTATTATGGGATGA
4319,CTCTGATCCACGTAGATGTAAACTACTCTGACCTATACACCGGGCTTATTG
4320,TATTATCGGGTTGATTGGTTATCACCCGGATACGCGTATCTCGCTGTATGT
4321,ACATGGTTGCTGTGTTGTTAAATTGTACAAAGATGTTATAGAAACAAAATG
4322,CATCCGGCATGAACAAAACTCACTTTGTCTACAATCTGAATCGGGGCTATA
4323,CAGCCATTTCTCTTAGTATGACATGATAATATTTCGCCGATAACACCTTCA
4324,TCGGGTGAATCCAGTGGTATTATTGGCCATTGAAAGAACCTTTTTACATTG
4325,AGGATAAGGAAGCGCACCTTCGGCAGCGATACGGCCTTCTGCATCCGGCAG
4326,AAACGTTGTGCTTGTTGACATAACACAGTGTGCTCACGCGGGGTTAAGGCA
4327,GTTATCATTCTTATTTGAATTTGCTCACTGGGATTTAAACGCACCATTGGT
4328,CTGGATATGTACGATCGCAATTGGCCAATTCGCACCTACAATGAATCATTA
4329,CTGGTAGACCCGCTGGATGGTACTAAAGAGTTTATTAAACGTAATGGCGAA
4330,CGCGTTATAACTACCTGATTAATCAGCTGAATATTAAGTCAGCTCTGGGTA
4331,GTGCAAAATTCAGAGATAACTTGAAGCGGGTCAAAGAAGCGCTGAAGGAAT
4332,TATTCCACAGCAATCTTCTCTTTTCTGAATTTGCCACCTATCATAGACAGG
4333,AAATAAGAAGAGGGAAGACAACATTAGCAAGGTTGTGTACATTTGTACACA
4334,CCGAAGGGGCGAGGGGACTGTCCGGGCACTTTTGGGCCGTTTTCATCAGTC
4335,AAATAAAAAAGAGAAAGCCTCCGATTAAATTATTTCGCTACACTGGTTCCA
4336,CTGGAGGGACCAATCCCAATTTTGAAAATATCGAATGCACTAATCATATCC
4337,CAACGGAAACTGCCAGTGCTGTATGAAGATTCCGGGGCTATGCTTATAGCG
4338,TTTCTGAGATGCATTATGATATGAACACCAATTTCGTATAGAGTCTCACTA
4339,ATCTGAACCAACGGTTGCAAGATCTGAAAGAACGCACTAGAGTCACAAATA
4340,CCCGCCGATTGTGCAAGGACAATCGGCAAACGGTGCAGTACACTGCGTTGA
4341,TCCGGAGGCGAAATGATGACACTGGAAGCCGACAGCGTTAACGTACAGGCG
4342,CGAGCCAGTTCGTCATTACCGCGATGCTGGCAGCCGGGAGTAGTTTGTGGA
4343,ACGTACCAGGTAAACTCCTCAATCTGGTCGTTGGCTAAGCGCGGGAGGAAC
4344,CGAAATGCCCAGTACTCCGGAAGAGAAGAAAAAGGTCCTTACTCGAGTTCG
4345,ATTTATGTATTGAGCGCGAACGGTGAGCGTAGCCCGGTCAACGATCATCCT
4346,GTTACGCCGCGCGACGGCACGATCCATCGAGTAGAGCGGGTTGAAGGTGGT
4347,GTGGAATAGCGTTCGCAGACCGTAACTTTCAGGTACTTACCCTGAAGTACG
4348,TTCCCCCTTCTCGCTTCAATTTCGACCAGCCATCCTCTATTCTGATGGGTA
4349,GCTTCCAGGAAAACATCTACTGCTTTACCAACAACATTCCGCAGCGTGACC
4350,AATGTGTTTTAGTAGCGAAATGCGGCGCGGGTCGGCGAATAATTTTTGTTG
4351,GACACCATCGAATGGCGCAAAACCTTTCGCGGTATGGCATGATAGCGCCCG
4352,AGGGCTTTTTCGTTTAGCCTCATGTACGATTCTTTGCCAGGCTTAATGCCA
4353,AAAAGAATAAAAAATATCGATTTATGTCGAGTCTATGCAAAAATGATATGG
4354,GAACAACTCACCCCTTAAAGGAATAACCAGTTTGACACTGTCATCGCAACA
4355,GCTATATCGCGAAGTTGCGCATATTATCATCGACGCAACAAACGAACCCAG
4356,AAGCCATGGTGCACGTTCTGAACAATATCTGGCGTGCCGCAGAAGTCGAAA
4357,CGGATTCGCTCTCCAGCGGTATTCAAAGTTATGAAGAAGCGAATGCTGGCG
4358,ACAACCTGACCCGCGACGCGGGCTTCCACATTGTCAAAGAGCTGATTTTTA
4359,TAAGCGATCGCTCTGAAAGCGTTCTACGATAATAATGATATCCTTTCAATA
4360,TATACCAGAATAGATTCAAAAAAGGCGTATTCGCCTGCATCATATCGATCA
4361,GCTGTTAAGCCACGCTGCGGCAACGGTCTTTGGATTAAGCCTGGTTGCTGC
4362,TCATGATTTAGCCCCGTCTCGTCGGGGCTTTTTTATGGCAGAATCAAGTCA
4363,CGTATTTCCACATTGCTGGCGGTATTGTTTGCTGCGGGGTTTGCTATCGGT
4364,ACACTGAACAATGAAAGTTGTTCGTGAGTCTCTCAAATTTTCGCAACACGG
4365,GGTCATTTCAGGCCTCCAGGCTTATCCAGATGGTTTTCAGTTCAGTGAATG
4366,AGACAAGCCCTTTTCTGGTCCACCAGGGCCCAAAGTGGTAGCATATCATGA
4367,AGCAACAGCCTGACGGACCGCGACATAGACATGCGCCGGATGCACGGCGAG
4368,TCACATAAAGATTGATTTTTGTGATGGTTGTCATATTATAAGCGCAAAGAC
4369,TACATGGCAGGCCTATTGACGCTGTTGTTTTTTCAACCTAGAGTAAAGGAA
4370,AGTAAAAGTACGACCAAAAGCAAAACCGCTTCTTCCGTTAAAAAATCTTCC
4371,ATATGGGCGGCATGGCTAGTCTGATGGGCAAGCTGCCGGGCATGGGGCAGA
4372,AGAATGAATGTTTTCGGCACATTTCTCCCCAGAGTGTTATAATTGCGGTCG
4373,ACACAACAAACTATTTGTCGAACCCAATCCAATCCCGGTGAAATGGGCATG
4374,CTGGTACCATCGAACTGCCGGAAGGCGTAGAGATGGTAATGCCGGGCGACT
4375,CGTTTTCAATCAGCGCCACGCGCAGGTCAACTTTAGCGAAGTCGTCAAAGG
4376,AGATAATACAGTGTACCGATCTGTCTCTTTATCTACGCTAAATTGAAAGCT
4377,GGAATGGAATAGCAACAGAAAATAAATGGTTTTTGGGCAATAATCAGTCTG
4378,AAAGGGTATCGATCTGGAAAGCAAAAAAATCACCATCCATCACGATCCGAT
4379,ACCAGTCGGTTGTAAACCATGTCGCGTTTATGGTCAGCCAGAACGATCCCC
4380,GCGGTCGTTGTGTAGGTATCCAGAACGAACAGCTGGTTCACCACGACATCA
4381,TAATATACGAATGACTAACTATCAGTAGCGTTATCCCTATTTCTGGAGATA
4382,GGCAAAGTGCTTTCCTGCGGCAACGGCGGTTCCCATTGCGACGCTATGCAT
4383,GTGGCTCCCGCCGTTGCCGCCGTATTGTGGATCTTCCTGTTTAACCCCGGT
4384,AGAGGCTTCACTAATGACAGCCAGCTACAAACACTGTTTAATTATCTGCTG
4385,TCGAGGCTGTCAGCTAATTGATTGACATCATTCTGGATATCCTGCACGCCA
4386,GCGTAGCCCGGTCAACGATCATCCGTTCTGTCTTTTCAATCCGCAGGAAGA
4387,AATATCAGCTTACTATTGCTTTACGAAAGCGTATCCGGTGAAATAAAGTCA
4388,TCCGGTATCATCTAACGCGACAAAGTAGGTTTCTGCTTTACCATCACGTTG
4389,ACCAGCACCGAAGAAAAACGCTGGATCCAACAGCGTATCGAGTCTGGTCGA
4390,GATTTTGTCCGGGCTGGTCTTTTTTACCAACACCAGAAAAGATGTTGAATA
4391,GGAGTTTTAAAATGTCTCTAAGTACTGAAGCAACAGCTAAAATCGTTTCTG
4392,AAGCCTGCACCCAGGCCGCAGAAGTGGCGCTGTTTACCTATAATAGTCGGG
4393,TGCAGGTACTTTCTGCCCATCCGGCGCACCGCCTGCACAGCCAGCTGAATG
4394,GTTATGACTTTCCAGTTACACAGTAAGTCGATTATATGGTGCAAACGTGTA
4395,TTTTTACCCAAAACGAGTAGAATTTGCCACGTTTCAGGCGCGGGGTGGAGC
4396,ATACAGGCGTTCCAGATCTTCGCTGTTACCTCTGGAAAGGATCGCCTCGCA
4397,CGCCCACCGTCGGCCCATCTCCAGTTCTTTGCTGGCCTTTGGTGGGCAAAG
4398,TTATAAATCAAAAAGATAAAAAATTGGCACGCAAATTGTATTAACAGTTCA
4399,CATGCTTTAAGCCGGGCAAGCTGAGTTTCGGTGACAACGTCACCTTGTTCC
4400,GCCACTCTGGACTACCTGATCGTTAAGTCAGGTAAAAAACTGAGCAGCTAC
4401,CTTCAACGGCGGGATAACCTTGCAGCAAGCCGCTGCCGGAGAATGCCCCTT
4402,GCGAAGCGTCGTTCGCAGTTCTGTCAGTTGTTGTTCGATTGATTCCATATC
4403,CACATTGCTGCTACTGACGATGCTGGGTAGCGCCATTTACAATGGCGTACA
4404,CCAGGCAAAACCGTTATCAATATTCCGGGCTGCCCGCCGAACCCGCACAAC
4405,CGGTAATTGCCGGGACCGGCGCTAACGCTACTGCGGAAGCCATTAGCCTGA
4406,TTACCCGACTTACAGGGGAATCGGCAATGTTCATGTGCCCAGAATAAGTAA
4407,ATTCCGGCATTTGCCGTAACCGGAGACACTGATCAGCCGATCCACATTGAA
4408,CCGGTGTTTTGTGCTCTGCCAGATACTGATGCTGGAATATACACATGCGAC
4409,AAGTCATATATGTTTTTGACTTATCCGCTTCGAAGAGAGACACTACCTGCA
4410,TCCAGCATTTTTCGCTTCCCGAAGCTGTAACTTTCCTTATACTCGACCTTG
4411,GTTTTACCGGTGCCAGGGCCGCCGGAAATCACCGAGATCCGCCGCGTCAGC
4412,GAATTGTTCAGGGCGATGTGCCGGAAGTGATGGCTGACTGTACGATTTACT
4413,TAGAACGGCCTTTTTTTCGTCAACCGTGAACAACGGCGCACCGATTATTCA
4414,TTGGCTGGTCAATGTCGCCACGCATGACGGCGCAACTGGCCTGCGATGCCT
4415,TGTACTCTATTTTCTGTTGCTGTTGGCGCAGGTGGTTTTACTTTGCTGGCA
4416,GCGCAGGACAGCTCTCGACGCCGCCCTCTGTGCTGCCTATTATTTATGGCG
4417,AGCGGTCACCGGTGAAGGTGTGCTGATGACTTCCGCTTTACTCTGGGCTTG
4418,ACGAAATTCGTTCAGTGGCAGGCTGGGATTCTGGCTGTTAAAGTCTTCTCG
4419,TGCAAAAAGCGAACGAAAAATTCGAGCGTCGTTTTCGCGAAGTGGAGCGTG
4420,CACACGTAAACGACCCTGGCTTCTGGCTATTTAAAGGGTATTTTAATCTGA
4421,TTACCCAGTGGTCGCTGCGTCGCCCTGGCGCGTTGCAGGGGGAGATTGCCA
4422,ATGACCCGGCATATAGCCAATCTCTGGCGTTTGTTTGTCTGCGGCGTCTGT
4423,ATTATCATCCTTCGTGGCTGTGTAGTGGATGTACAGCTATAGTTTGTTATG
4424,CCGGTGTGGTGGTATACGCCATCTTCGCCCACCACCGACGGGTCGATCGCC
4425,ATGATAAAACCGATAGCCACAGGAATAATGTATTACCTGTGGTCGCAATCG
4426,TCTTTCGGCAACAGTCGTAACTCCTGGGTGGAGTCGACCAGTGCCAGGGTG
4427,GGCAGTAAAAAGACGTAAACTTTCCCAGAATCCTGCCGATATTATCCCACA
4428,ATAGCATTTTGCAAAGACAATAATATCCAGCTGGTGTGGTAATTTAAGCAT
4429,TTGCGATAGCGCACGCGCTTCACATGCCACACACGATCCTGCGGGGTGATT
4430,CAGCAGCGGGATGTGGAATTTTATACCCAAAATTGAGATCCCCATTTTTAA
4431,GCTTACCCGTTGGCATACCGGTGATTTCCGCAGGTCACGATACCCAGTTCC
4432,AGCCGTTCGTTATGGAACCAAGCAAAACTGTTGGTCAGCTGCTGAAAGAGC
4433,ATACTCAACCGACGTGATTATCGCTGCTTTCCCGTGGGGAGCGTATCTGGG
4434,GAGCAGGGCTTTGAACGTGAGATTGTGCTGGCGACAACCCAACTCACTGAT
4435,TATGAAGATACGCAGATTTACTCTTGCTTTAAAATGAATAATATTAAGCCA
4436,CCTTTTAATTGCAACTTTACTCGTCCTTCCGCTTTCAGTAGTGTGTCATCG
4437,ACCGCCACGCCGCTGTCAAAGCGTTTGGCGACGTCGATCGTTGCGCCTTTA
4438,AATTGCCGATAACATTTGACGCAATGCGCACTAAAAGGGCATCATTTGATG
4439,TTAGCCATCAACAAAGAGAAGGGCGTGATTTGTCCGTCGGCCAGAATCACT
4440,CCCTTGAGGGATGTTATTAGACCGCTATACTGGGCAGACAACAGTTCAGAT
4441,CTGAAAGTCCCGGAAGACCTTTCCATAATCGGTTTTGATAACATCGACCTG
4442,CATTCAAACTACTTAACCTGTGACAGAGCCAACACGCAGTCTGTCACTGTC
4443,ACGCAAGCGGTACGCGGAAATCGCCAGCGGAGACTTAGGATACGTTCCGGA
4444,AGGCGCTGCACGAAATTTTTAAAGTTGTACGTAAAGGTATTAAAGCGAGCG
4445,CCAGGTAGCCCACGCGTTTAACGTCGCGGTCTTCCAGGTAAGGGTGCTTAT
4446,CTGTTGAGTTCGCTGAAGTGCTGATGATCGCAAACGGTGAAGAAGTCAAAA
4447,TGAAATCAGCGGGCATCACGGTGTTGTTTAACCAGGCTACGGTGATCGCCA
4448,AACCGCCCGAAACAGAAAGTCTGTTACGAAACGGGTAAACCTGCGCAGACA
4449,TCGACAACCTGACCGTTTTTGAAAATCATGATCGTCGGTATACTACGAATT
4450,CGGGTTCACACATATCACAATTGATGCATTTTTTAGTGATTAACAACGCCG
4451,ACACGCCGACGTGCTGAGTCTGGGTAAGCGTTTGATTGAAGATGAAGAGTA
4452,ACATCAAAGCGAAATACCAGCACGCTGGTCAGCGGGAAGCCGAAGAAAAAC
4453,AATTATCATCCGCGATGACGAGAAGCAACACTGCGGATAATTGTAATATTA
4454,CACCCACTACCGGGTGAGCACACAATACCGCGTGTCCCAGGCCTTTCGCCA
4455,TATAACGCGATTATTCGCTCATTTTTCAGACATTTGCCATGCTTAAATGTG
4456,TTCCGTTTTGAAAATTCGTGTTCAACGATGAATCTGTGGATAATACGCACA
4457,GCTGTACTCACGGCACTTGAAATGAAATGCACAAGATATAAAGTGCGTGAG
4458,CCGTGAAGAGCAGTGAATCTGGCGCTACTTTTGATGAGTAAGCAATGAGTA
4459,GTCGGTTCGCTAACATTGGCTTCCAGTGCCATAGCAGCAATACTCGAATGG
4460,TCTCGCGCACGTTAAAGTAGAACATGCTTTCACGATCGGCTGGCAATTTGT
4461,CGCGGAACTGCTCTATAAAATCAGCTTCGGCGAAATGCCAAAATCAGCGCA
4462,AAAGCCGCGATGAACCTCAGTTAAGAAAATTATGGTCTACACTGAAAATTA
4463,GGCATTCGTTGTGCGCTCACCTCTGATATTGAAGTCGCTATCATTACCGGG
4464,TCCGGAACCTGGTCAGGCAGGGCATTGGCGTCTGCACCTTCAACCGGGCTG
4465,GTTGCTATCGAACGTTTTGTGAAACACCCGATCTACGGTAAATTCATCAAG
4466,CACCATCGAAAAGGATCTCACCATGATCTGGTGCGATTTGCCCGCCAATCA
4467,GCTTCGGCGGGGTTTTTTTATGGGCACGGTGCGGGGTGAGTTGTCGGATGC
4468,CAAAAATGACCGTCTGGCCATCGTTCCTGATCATCCACTCTTAAAAGACGA
4469,GCCCGTAAAAATATTTTCACTTTAAATTCAATTTGATAACTACATCCATTA
4470,CTAAAACGGGCCATCAGGCCCGTTATATCAGTGCTCTAACTCCAGCTCTCT
4471,CAGCCTGTGTGCGCTCAGCATGACAATAATGACCGCTCACGCCGCCGAACC
4472,CATGAAAATTCTGTAACCGTTTTCACGCGCTATCTGCTAAAAATGTTGCCG
4473,GCTTCGCAGAACACCAGCGGAATGGTGGCAACGAAGGATTCATGCACCGTG
4474,ACCGCTGATGTTTTTTCGATATATTCAGTATCGACAGAATCAATAATATTC
4475,ACGAATTCACTCGCTTCAACCGCGTAAGGTTCGCCGTCTAACATGATTTTA
4476,ACTGCGCTGCCCATCTCTTTAATATGTTTGGCATAGTTACTGCCAACACAC
4477,AAAGCCCCAACGTAGTTTGCAGTCTTGAAAGCGTCGATAAGCTGATTACCG
4478,CGTCAGGCGTGATCCCTGATATGCGTGGCTGGACGATTAAGGGCAAGCCCG
4479,GTCAGTTGATTGTGGTGGTGGAAGCAGAAGACAGCGAAACGCTGATCCAAT
4480,TTTGCACAAACAGGGTTGGGCGACGCGCTAAAACCGCCACGTCGATGTATG
4481,CCTGTATAGCACGGACTGGCGTGATGGCGGATGAAATCGCTCAGGTGATGC
4482,ATTGACTTTTAATTTGATTTGAGGACGATTATTTATTAAGTTACATAAATG
4483,CATCCCTCAAGGATCGACGGGATTAGCAAGTCAGGAGGTCTTATGAATGAG
4484,CTTCAACAGACCGATTTGCACCCCAGCAAATGTAGCGTTATTGTTACCTTC
4485,GTTGCGCAACGAAAGAACTCCCTCAAAGTTAACAGGCTATCATAATTCGAT
4486,CTGTACAGCAACCAGAAGGAGATCCACGACAACAGCAACGGAAAAATACGT
4487,GAGGGGAATCTCCTGTCTCGCGAAAATGAAAGCCTCGACAATGAAATTACA
4488,GTTCCAGCGCGGTAATGCCCAATTGTTTCAAATAGTTGATCATCACCGGAT
4489,TCAGGGGCGTGAAACACAGTTTAAGGCGCTGCTCTATCCGTTCGGCAACTC
4490,GGGATCTAAATCCCAGCTTAATACCGGCATCCACGCATAGATGTTTACACC
4491,GAATTTTCTTATTAGTGTTTTCACTTCAACCTCAAACGAACAGTCGCGATC
4492,TTTTTTAAAAATTTTCTGAACTCTTTCTTCCCAGGCGAGTCTGAGTATATG
4493,CGTTATGTGCAACAGGTGCCATGAGTCCTGGAATACTGCATGATGCGCGAA
4494,GCACGCCGGGACGTGAAGATGCGGAAGTGAAACTCTACTCAAAAGCCGAAC
4495,CATGCGCTGGTATGTTCAGGCGTCATTAGATCAGGTGGATTCCGCGCGGGA
4496,GGTGTTGCTTCAGGCATAGTAGTCTCCTGAGGTTTTATTAGAATCATTATG
4497,TATGTGGTCAGTGGCCAGCACCCTACGCTTTAAGGTGCTATGCTTGATCGG
4498,CGTCAACTGGTTTGATTGTACATTCCTTAACCGGAGGGTGTAAGCAAACCC
4499,GGAGTGCTGATCTTCGTCTTTCTGGTGATTTTTTATGGAATCATCGCGATA
4500,ATTGCCTGATGCGCAAGCTTATCAGGCCTACATTTACTTGCTGAAATTGCT
4501,AAAAATGTAGTTTTTTCAAGGTGAAGCGGTTTAAATTCGTTCTCAAATTAC
4502,GTCGTGTTATCGCTCGTCCGTTTATCGGCGACAAAGCCGGTAACTTCCAGC
4503,AACAGCGAAGTTCAGGCCATCAACCAGACCAAAGAAGTTGGAGTTACGATG
4504,GGTCTTGAACGTTACCTCGGCGCAAAATTCCCTGGCGCAAAACGCTTCTCT
4505,GCCAGCTTAACCGGCTTATCCATCAGCGCGGCGATCTTTTCCACACGATCC
4506,TCCCGCGACAAAGTTTTACCCAAAGAAGTGTGGCTGATATGCTGCCCGCTA
4507,CTGGTTGAAAAGCGTGGTTGATGACTGGTATTGTGCGCCACTGGAAGGGCT
4508,ACTGCGACCAAAATCGATAGCGGTAATTGGCGCGTCGATGAAACCCAATCG
4509,ATACGCGCGCCAGAAATTGGCTCTCGCATAAGCGACCGAATTTGCAGTACC
4510,ACTTTGGTGAATGCCTGATCAAAGACCGGTTTCAAATCATCGCTCTGTTTT
4511,TATTTCTCACATTGATGACGGTCGCATGAAAAAATGATATTTTAATGAGCA
4512,TTTACGCTGCGTCGATGCACAGCCTCATCATTTTGCAGTATCCTTAAGATA
4513,AGCGCGCTCTTTCATCGTCATCGAGTTGATGATGGCTTCCATACGCACCAG
4514,AGCATAAACACCTCGCAAGAACAGATGGAACCGCAAGAGAGAGGTCACTAC
4515,GCCGGGTTATATTTAGCCCTTCCGGTGACAATAGCGTAACGGAAAACCTCC
4516,ACCGTCTGTACTGAAGCGCAACCGTTCTCACGGCTTCCGTGCTCGTATGGC
4517,CGCTGAAAGTGCTGGAACTGACGGCGGGTAAACTGGCGGCCTTTTATGATT
4518,AAAAATACAGCAGCCCACACCTGCGGCTGCATCCAGGCGCGGAAGTATACC
4519,ATATAAAAGCAATTCACTGATTTATATAGCTTATTTGACATGCATCGCAGT
4520,ATCGACTGATAAGCCCCGGTTTTCTTCAACGGCACATCGAAGGATTCCACC
4521,TTTGCCACGTCCCGCTGATTGCCTCCGGTGGCGCGGGCACCATGGAACACT
4522,TTGCTGCCTGGCATGTACGTCACGGCATTAGTGGATGAAGGTAGCCGCCAG
4523,GGGCAGAATCGGCCTGTTAAAAACCGCTGAAATTGCTCATCATTATGCAGG
4524,GGCAGGAAGGTATGCATGAACAAGCCATTAAAATTGCTTTGCGCATGCTGG
4525,TAGCGTCGCATCAGGCATTATGGCGCAGTTGCCGGATGCGGCGTGAACGTC
4526,GTTTATCTTTACTTATAGAGCCTTTCTTAATCCAGTCATAAATTGATGGTG
4527,ACGTGTTGCAGACCGAGTATGATCAGCTTTCCTGGTGATAATATGCGGTCA
4528,CTCCAGATGCCTTCCGGTAGAGTGCTGTAATCTGTTACTGCGGTGGTACCA
4529,ATGGCTTCCTGAAACAGTTTGGTCTGGAAAAAGAGATTAAACTGAACATTG
4530,TTTATTAATTTCTTGACCTTCCCCTTGCTGGAAGGTTTAACCTTTATCACA
4531,GTACGCACCAACATTTGACCAGAATTTTTATCTACACTTAAGTTAATTCTG
4532,TACATTTGCCTTGTTTTATGAATACTCCTGAAGAGGTGTATAACATAATGG
